ID,ORGANIZATION_ID,CREATED_AT,GLOBAL_ROLE,ENABLED
87dc1c07-6323-4674-a2e2-a21e6eccd231,79a81a50-3045-47b6-84ae-8cd2d981845e,2021-10-15 18:45:35.020 Z,INTERVIEWER,false
b61f9efb-22f7-40ae-843a-941fcdb4e2c8,79a81a50-3045-47b6-84ae-8cd2d981845e,2021-12-17 20:36:10.090 Z,INTERVIEWER,false
250624ef-045c-44d9-840c-5a1beebf9a1c,79a81a50-3045-47b6-84ae-8cd2d981845e,2022-08-08 16:43:59.506 Z,INTERVIEWER,false
15b20ec3-94e1-4360-858d-8f8e3abc82c3,79a81a50-3045-47b6-84ae-8cd2d981845e,2023-02-16 17:38:05.655 Z,INTERVIEWER,false
4f81d20e-60be-49c1-a3f1-2133b629075c,79a81a50-3045-47b6-84ae-8cd2d981845e,2022-02-18 14:55:20.374 Z,INTERVIEWER,true
dadce76b-a00a-4d4c-95d4-81eee821b6a1,79a81a50-3045-47b6-84ae-8cd2d981845e,2023-10-26 22:16:23.350 Z,INTERVIEWER,true
f8856c2a-9b34-4449-8904-eb474d9f54c7,79a81a50-3045-47b6-84ae-8cd2d981845e,2022-03-09 04:26:13.866 Z,HIRING_TEAM_MEMBER,false
22c42812-6745-4768-9250-f174dcd84e45,79a81a50-3045-47b6-84ae-8cd2d981845e,2021-10-14 23:23:33.867 Z,INTERVIEWER,false
1b5d949b-86f5-415f-9477-559da45b57af,79a81a50-3045-47b6-84ae-8cd2d981845e,2022-01-24 22:05:19.509 Z,INTERVIEWER,false
0574ec5f-d95d-4d4e-a559-26e8e6b71a8a,79a81a50-3045-47b6-84ae-8cd2d981845e,2022-06-03 17:59:52.746 Z,HIRING_TEAM_MEMBER,true
6cdf4f89-d301-4e8f-9b4b-d265895929f5,79a81a50-3045-47b6-84ae-8cd2d981845e,2022-01-13 15:25:33.431 Z,INTERVIEWER,false
4bfb74d8-d0b8-4292-8b88-75e70005c9ae,79a81a50-3045-47b6-84ae-8cd2d981845e,2024-05-23 20:45:40.001 Z,INTERVIEWER,true
d6b18ca5-8b0a-4719-8d21-06e3c768e1d3,79a81a50-3045-47b6-84ae-8cd2d981845e,2023-07-11 17:41:02.971 Z,INTERVIEWER,true
cc27fc7a-ba81-4422-8072-7b89741697b3,79a81a50-3045-47b6-84ae-8cd2d981845e,2023-04-17 16:28:07.081 Z,INTERVIEWER,false
17196a59-1319-48ea-9705-d959bae6bbc0,c0fc7bfc-5ffa-4fce-b3d8-d7d3067c3935,2024-02-06 23:54:32.257 Z,ORGANIZATION_ADMIN,true
48f094c8-cafc-4817-8091-9827ca04bf89,79a81a50-3045-47b6-84ae-8cd2d981845e,2022-03-22 14:42:49.559 Z,HIRING_TEAM_MEMBER,true
a682c1d0-ad9b-459c-bc80-16cc6a26a547,79a81a50-3045-47b6-84ae-8cd2d981845e,2021-09-28 17:21:44.544 Z,ORGANIZATION_ADMIN,true
b46d3e4e-7199-4435-8f3e-752eb5378e96,c0fc7bfc-5ffa-4fce-b3d8-d7d3067c3935,2024-02-06 23:54:32.281 Z,ORGANIZATION_ADMIN,true
641a09ff-c93e-4f8a-917a-e863b4cc5f5a,79a81a50-3045-47b6-84ae-8cd2d981845e,2023-03-27 22:08:47.891 Z,INTERVIEWER,true
37ed6b68-8155-4f99-a752-0b3418c920c4,79a81a50-3045-47b6-84ae-8cd2d981845e,2021-10-14 23:45:38.190 Z,HIRING_TEAM_MEMBER,true
b8b9f7ef-cdc7-49ad-903d-636c684f017f,79a81a50-3045-47b6-84ae-8cd2d981845e,2021-10-14 23:45:39.787 Z,HIRING_TEAM_MEMBER,true
942c9899-0a0c-4244-b0b7-e481a5356614,79a81a50-3045-47b6-84ae-8cd2d981845e,2024-07-22 20:05:26.218 Z,INTERVIEWER,true
de1c1862-49c1-4463-837a-c2392e1c5531,79a81a50-3045-47b6-84ae-8cd2d981845e,2024-06-05 22:42:07.197 Z,INTERVIEWER,true
b3c2169d-d86e-4b15-bf9d-c43666709e54,79a81a50-3045-47b6-84ae-8cd2d981845e,2024-07-02 17:05:31.444 Z,INTERVIEWER,true
729e6b30-5a0f-4c62-9a2e-2c2d87276d28,79a81a50-3045-47b6-84ae-8cd2d981845e,2022-12-01 18:43:48.767 Z,INTERVIEWER,false
45527b31-2b62-459c-b23e-fbfb477afd7e,79a81a50-3045-47b6-84ae-8cd2d981845e,2023-03-27 16:14:18.724 Z,INTERVIEWER,true
acfad07a-786b-4e3e-8dd5-61b443f98d2f,79a81a50-3045-47b6-84ae-8cd2d981845e,2022-10-21 16:25:48.248 Z,INTERVIEWER,false
bb1bf0bc-4eab-4576-a17e-dbd9a7d9dbba,79a81a50-3045-47b6-84ae-8cd2d981845e,2022-04-26 14:26:17.208 Z,INTERVIEWER,false
96d4868c-9685-4c1b-abfd-bcd7de83ede0,79a81a50-3045-47b6-84ae-8cd2d981845e,2023-11-27 16:49:43.873 Z,INTERVIEWER,true
c008600a-ee17-4567-bb55-802b11ff7557,79a81a50-3045-47b6-84ae-8cd2d981845e,2024-06-17 20:40:31.526 Z,INTERVIEWER,true
965bae74-04a1-4637-b958-84032c2e29d2,79a81a50-3045-47b6-84ae-8cd2d981845e,2024-05-08 18:06:36.313 Z,INTERVIEWER,true
f7e6e74f-9360-4be5-8e49-1383d6a6ce03,79a81a50-3045-47b6-84ae-8cd2d981845e,2022-10-03 13:47:15.139 Z,INTERVIEWER,false
d3490937-9a18-4e09-a011-1f0e12d1640d,79a81a50-3045-47b6-84ae-8cd2d981845e,2021-11-10 21:53:28.091 Z,INTERVIEWER,false
28faebdd-db72-4bc8-9442-c5b2e8ce4e25,79a81a50-3045-47b6-84ae-8cd2d981845e,2022-12-08 16:16:10.219 Z,HIRING_TEAM_MEMBER,false
76a05d49-cb36-4ab3-a451-2985f17c161b,79a81a50-3045-47b6-84ae-8cd2d981845e,2022-07-21 17:59:42.291 Z,INTERVIEWER,false
4d0e5921-7f59-4e92-a58a-e42987979be8,79a81a50-3045-47b6-84ae-8cd2d981845e,2022-07-21 18:00:39.488 Z,INTERVIEWER,true
c32dd732-c9c7-49d8-bdfe-428f5a2e9ff2,79a81a50-3045-47b6-84ae-8cd2d981845e,2021-10-14 23:45:38.867 Z,INTERVIEWER,true
f0160db6-5315-4092-bd5d-939fab9cfd34,79a81a50-3045-47b6-84ae-8cd2d981845e,2022-12-12 17:49:06.678 Z,EXTERNAL_RECRUITER,true
74faeec2-094d-4db9-95e2-c8bb276852c0,79a81a50-3045-47b6-84ae-8cd2d981845e,2023-01-17 19:10:31.602 Z,INTERVIEWER,false
b972faf9-4a39-4aaa-8c80-08fb276fa81b,c0fc7bfc-5ffa-4fce-b3d8-d7d3067c3935,2024-02-06 23:54:32.915 Z,INTERVIEWER,true
87688173-372a-4db1-b9ca-65a4f64a6873,c0fc7bfc-5ffa-4fce-b3d8-d7d3067c3935,2024-02-06 23:54:32.915 Z,INTERVIEWER,true
e39fb12b-8a85-46a5-b8a6-e69402659796,c0fc7bfc-5ffa-4fce-b3d8-d7d3067c3935,2024-02-06 23:54:32.915 Z,INTERVIEWER,true
6395e553-cac4-493e-9da0-ceb631cd87a8,c0fc7bfc-5ffa-4fce-b3d8-d7d3067c3935,2024-02-06 23:54:32.915 Z,INTERVIEWER,true
4f4faeef-713c-42a3-b425-1caf430f857a,c0fc7bfc-5ffa-4fce-b3d8-d7d3067c3935,2024-02-06 23:54:32.915 Z,INTERVIEWER,true
1ff4c419-c710-455f-9e62-0638dcc101e0,c0fc7bfc-5ffa-4fce-b3d8-d7d3067c3935,2024-02-06 23:54:32.915 Z,INTERVIEWER,true
9fdaeaa5-c9ee-4e95-a0ae-8632605bb9dc,c0fc7bfc-5ffa-4fce-b3d8-d7d3067c3935,2024-02-06 23:54:32.915 Z,INTERVIEWER,true
e771ec16-085d-4200-b2ba-4f32e2284c5b,c0fc7bfc-5ffa-4fce-b3d8-d7d3067c3935,2024-02-06 23:54:32.915 Z,INTERVIEWER,true
d526820d-7cb2-4217-af41-41a6bdca37f6,c0fc7bfc-5ffa-4fce-b3d8-d7d3067c3935,2024-02-06 23:54:32.915 Z,INTERVIEWER,true
7b3eb075-e682-491d-814f-5e7b3299f3a1,c0fc7bfc-5ffa-4fce-b3d8-d7d3067c3935,2024-02-06 23:54:32.915 Z,INTERVIEWER,true
e95236d6-3d9c-4aac-84df-4b076c605431,c0fc7bfc-5ffa-4fce-b3d8-d7d3067c3935,2024-02-06 23:54:32.915 Z,INTERVIEWER,true
d73fa1cd-43e2-47f6-bafe-7fa66f120b8d,c0fc7bfc-5ffa-4fce-b3d8-d7d3067c3935,2024-02-06 23:54:32.915 Z,INTERVIEWER,true
564db1c6-70ca-4202-abec-a6e19319f370,c0fc7bfc-5ffa-4fce-b3d8-d7d3067c3935,2024-02-06 23:54:32.915 Z,INTERVIEWER,true
eb2faae1-1cc5-4d1b-ae1f-0bd0b21c6ef5,c0fc7bfc-5ffa-4fce-b3d8-d7d3067c3935,2024-02-06 23:54:32.915 Z,INTERVIEWER,true
70ff1db3-e7e2-403c-8c48-74a04eaa977e,c0fc7bfc-5ffa-4fce-b3d8-d7d3067c3935,2024-02-06 23:54:32.915 Z,INTERVIEWER,true
1fad7aa5-f7cc-4ed4-9fae-90c7b57aa5c4,c0fc7bfc-5ffa-4fce-b3d8-d7d3067c3935,2024-02-06 23:54:32.915 Z,INTERVIEWER,true
cf0d5a21-45cf-460b-b786-58359b49a75d,c0fc7bfc-5ffa-4fce-b3d8-d7d3067c3935,2024-02-06 23:54:32.915 Z,INTERVIEWER,true
9fcf7dd5-e830-42e1-bb96-eb34fe446f69,c0fc7bfc-5ffa-4fce-b3d8-d7d3067c3935,2024-02-06 23:54:32.915 Z,INTERVIEWER,true
ffa38065-7354-48ac-be3d-a5a345af17c8,c0fc7bfc-5ffa-4fce-b3d8-d7d3067c3935,2024-02-06 23:54:32.915 Z,INTERVIEWER,true
5da71013-2605-499e-8b7d-218b19b1f8e5,c0fc7bfc-5ffa-4fce-b3d8-d7d3067c3935,2024-02-06 23:54:32.915 Z,INTERVIEWER,true
1d9e7ce8-a63e-4392-aebd-078fff3bd2d1,c0fc7bfc-5ffa-4fce-b3d8-d7d3067c3935,2024-02-06 23:54:32.915 Z,INTERVIEWER,true
2ac9b801-9dbb-4cfc-814a-6ded379a8e31,c0fc7bfc-5ffa-4fce-b3d8-d7d3067c3935,2024-02-06 23:54:32.915 Z,INTERVIEWER,true
89874657-6f7a-4cf8-a4a7-70a12badc99f,c0fc7bfc-5ffa-4fce-b3d8-d7d3067c3935,2024-02-06 23:54:32.915 Z,INTERVIEWER,true
32378424-93a8-468f-8884-b739ebe2207b,c0fc7bfc-5ffa-4fce-b3d8-d7d3067c3935,2024-02-06 23:54:32.915 Z,INTERVIEWER,true
368a4b1f-7fef-45ab-9fa0-053045b72a55,c0fc7bfc-5ffa-4fce-b3d8-d7d3067c3935,2024-02-06 23:54:32.915 Z,INTERVIEWER,true
36e2d9ee-ba9e-4db0-9a62-f74302c1f256,c0fc7bfc-5ffa-4fce-b3d8-d7d3067c3935,2024-02-06 23:54:32.915 Z,INTERVIEWER,true
131f3827-35cc-42be-94c4-efe2dd226ea1,c0fc7bfc-5ffa-4fce-b3d8-d7d3067c3935,2024-02-06 23:54:32.915 Z,INTERVIEWER,true
b593b10b-e747-4d7a-bae7-6b43f3260321,c0fc7bfc-5ffa-4fce-b3d8-d7d3067c3935,2024-02-06 23:54:32.915 Z,INTERVIEWER,true
94b76460-8dcd-46ae-ab05-98f1edf518e8,c0fc7bfc-5ffa-4fce-b3d8-d7d3067c3935,2024-02-06 23:54:32.915 Z,INTERVIEWER,true
db7a806b-6dae-472b-9e00-662d008aa8df,c0fc7bfc-5ffa-4fce-b3d8-d7d3067c3935,2024-02-06 23:54:32.915 Z,INTERVIEWER,true
264d2f6a-83cc-4a7a-802e-7be4f42efb8e,c0fc7bfc-5ffa-4fce-b3d8-d7d3067c3935,2024-02-06 23:54:32.915 Z,INTERVIEWER,true
88fdaeaa-c7ed-43f4-83bb-2343554f948c,c0fc7bfc-5ffa-4fce-b3d8-d7d3067c3935,2024-02-06 23:54:32.915 Z,INTERVIEWER,true
80238037-f326-48a7-80b4-638d7599adf3,c0fc7bfc-5ffa-4fce-b3d8-d7d3067c3935,2024-02-06 23:54:32.915 Z,INTERVIEWER,true
94b20fd3-9863-4537-825b-62d95fdb1854,c0fc7bfc-5ffa-4fce-b3d8-d7d3067c3935,2024-02-06 23:54:32.915 Z,INTERVIEWER,true
e5ce88a9-7594-48e3-a55d-358370a04c76,c0fc7bfc-5ffa-4fce-b3d8-d7d3067c3935,2024-02-06 23:54:32.915 Z,INTERVIEWER,true
1be49ec5-356f-4864-ba84-d1f09240d517,c0fc7bfc-5ffa-4fce-b3d8-d7d3067c3935,2024-02-06 23:54:32.915 Z,INTERVIEWER,true
a5290092-9fee-481a-80fb-c1992191be3d,c0fc7bfc-5ffa-4fce-b3d8-d7d3067c3935,2024-02-06 23:54:39.616 Z,HIRING_TEAM_MEMBER,true
193d315c-863b-4bce-9411-2999ea32d169,c0fc7bfc-5ffa-4fce-b3d8-d7d3067c3935,2024-02-06 23:54:32.915 Z,INTERVIEWER,true
a38ea947-2e29-452b-9da8-d87d534b6e8c,c0fc7bfc-5ffa-4fce-b3d8-d7d3067c3935,2024-02-06 23:54:32.915 Z,INTERVIEWER,true
ee20e109-9dbc-43e8-b36e-dfb34e1d86b3,c0fc7bfc-5ffa-4fce-b3d8-d7d3067c3935,2024-02-06 23:54:32.915 Z,INTERVIEWER,true
12fc408e-cf78-4d4b-9c0b-b304c0f6e879,c0fc7bfc-5ffa-4fce-b3d8-d7d3067c3935,2024-02-06 23:54:32.915 Z,INTERVIEWER,true
a6f3de55-695f-4bac-9a83-e96ff2788048,c0fc7bfc-5ffa-4fce-b3d8-d7d3067c3935,2024-02-06 23:54:32.915 Z,INTERVIEWER,true
d74fed33-1e31-491d-81ba-91b4f231695e,c0fc7bfc-5ffa-4fce-b3d8-d7d3067c3935,2024-02-06 23:54:32.915 Z,INTERVIEWER,true
0e4afdc7-8790-4990-b56a-3f305c72b447,c0fc7bfc-5ffa-4fce-b3d8-d7d3067c3935,2024-02-06 23:54:32.915 Z,INTERVIEWER,true
fbcbb3a0-9096-4fe7-8039-9807941bc075,c0fc7bfc-5ffa-4fce-b3d8-d7d3067c3935,2024-02-06 23:54:32.915 Z,INTERVIEWER,true
c037869e-0fe9-4d28-80e4-14560b8d7068,c0fc7bfc-5ffa-4fce-b3d8-d7d3067c3935,2024-02-06 23:54:32.915 Z,INTERVIEWER,true
faecd1a5-ea40-468b-8917-56783eeaea59,c0fc7bfc-5ffa-4fce-b3d8-d7d3067c3935,2024-02-06 23:54:32.915 Z,INTERVIEWER,true
b3108010-303d-4c7b-bf6b-b1657207c568,c0fc7bfc-5ffa-4fce-b3d8-d7d3067c3935,2024-02-06 23:54:32.915 Z,INTERVIEWER,true
c4ecf83a-326c-48c7-ab97-c8a2e833c8a4,c0fc7bfc-5ffa-4fce-b3d8-d7d3067c3935,2024-02-06 23:54:32.915 Z,INTERVIEWER,true
9600d6ae-f873-495f-a826-5cc5fdef46da,c0fc7bfc-5ffa-4fce-b3d8-d7d3067c3935,2024-02-06 23:54:32.915 Z,INTERVIEWER,true
203d2acc-a711-425d-8f9b-b73cf7fa5742,c0fc7bfc-5ffa-4fce-b3d8-d7d3067c3935,2024-02-06 23:54:32.915 Z,INTERVIEWER,true
df1a5e12-d607-4879-96b7-b068152ea185,c0fc7bfc-5ffa-4fce-b3d8-d7d3067c3935,2024-02-06 23:54:32.915 Z,INTERVIEWER,true
9af842b9-b18f-4657-a99c-2d157b337a29,c0fc7bfc-5ffa-4fce-b3d8-d7d3067c3935,2024-02-06 23:54:32.915 Z,INTERVIEWER,true
df7c022a-e754-4446-a5da-3672fe9f3788,c0fc7bfc-5ffa-4fce-b3d8-d7d3067c3935,2024-02-06 23:54:32.915 Z,INTERVIEWER,true
77ddb5d8-71be-4f32-a400-896c7df728db,c0fc7bfc-5ffa-4fce-b3d8-d7d3067c3935,2024-02-06 23:54:32.915 Z,INTERVIEWER,true
3b4645e7-f86d-47eb-8604-67a68a5680dc,c0fc7bfc-5ffa-4fce-b3d8-d7d3067c3935,2024-02-06 23:54:32.915 Z,INTERVIEWER,true
3b7da1d3-3f84-469c-95e1-804820e11c70,c0fc7bfc-5ffa-4fce-b3d8-d7d3067c3935,2024-02-06 23:54:32.915 Z,INTERVIEWER,true
d2fc8e90-2a79-4396-bec1-166f7aff5326,c0fc7bfc-5ffa-4fce-b3d8-d7d3067c3935,2024-02-06 23:54:32.915 Z,INTERVIEWER,true
753889e4-a42a-41d2-9441-d2def581f419,c0fc7bfc-5ffa-4fce-b3d8-d7d3067c3935,2024-02-06 23:54:32.915 Z,INTERVIEWER,true
c8653d0c-465d-4a7a-a522-5b9ddaf50b8d,c0fc7bfc-5ffa-4fce-b3d8-d7d3067c3935,2024-02-06 23:54:32.915 Z,INTERVIEWER,true
af2de6db-4270-4adf-b2d2-ec10fd356817,c0fc7bfc-5ffa-4fce-b3d8-d7d3067c3935,2024-02-06 23:54:32.915 Z,INTERVIEWER,true
7c68e22a-ef7e-410a-bdfd-8f218f50768e,c0fc7bfc-5ffa-4fce-b3d8-d7d3067c3935,2024-02-06 23:54:32.915 Z,INTERVIEWER,true
f8b33cfa-16a6-4bab-812e-8d3b3939b677,c0fc7bfc-5ffa-4fce-b3d8-d7d3067c3935,2024-02-06 23:54:32.915 Z,INTERVIEWER,true
269b7239-e489-4d61-acae-acc8d454bb6d,c0fc7bfc-5ffa-4fce-b3d8-d7d3067c3935,2024-02-06 23:54:32.915 Z,INTERVIEWER,true
43324152-11b4-4226-a00f-852dd6ea0b4a,c0fc7bfc-5ffa-4fce-b3d8-d7d3067c3935,2024-02-06 23:54:32.915 Z,INTERVIEWER,true
4caea275-f54d-4b29-ae10-531ff0b1d95a,c0fc7bfc-5ffa-4fce-b3d8-d7d3067c3935,2024-02-06 23:54:32.915 Z,INTERVIEWER,true
decd1ef9-d236-4f81-861b-043fe6c9dc31,c0fc7bfc-5ffa-4fce-b3d8-d7d3067c3935,2024-02-06 23:54:32.915 Z,INTERVIEWER,true
a03dfd73-0bf3-461a-946e-aef7ad3ac028,c0fc7bfc-5ffa-4fce-b3d8-d7d3067c3935,2024-02-06 23:54:32.915 Z,INTERVIEWER,true
a2b7c809-0dbc-447e-81cc-9b7a93ca38c9,c0fc7bfc-5ffa-4fce-b3d8-d7d3067c3935,2024-02-06 23:54:32.915 Z,INTERVIEWER,true
ddfbd015-ec1e-47a7-ab73-e5ce1e922f7b,c0fc7bfc-5ffa-4fce-b3d8-d7d3067c3935,2024-02-06 23:54:32.915 Z,INTERVIEWER,true
595f6597-1101-460e-88ce-54d14d060d19,c0fc7bfc-5ffa-4fce-b3d8-d7d3067c3935,2024-02-06 23:54:32.915 Z,INTERVIEWER,true
e9e08766-d0c3-400e-b763-04c335de220b,c0fc7bfc-5ffa-4fce-b3d8-d7d3067c3935,2024-02-06 23:54:32.915 Z,INTERVIEWER,true
64c731f0-0e4f-4837-8c4a-d553eacab522,c0fc7bfc-5ffa-4fce-b3d8-d7d3067c3935,2024-02-06 23:54:32.915 Z,INTERVIEWER,true
209ee96f-56e7-433e-adae-a74884b71fb4,c0fc7bfc-5ffa-4fce-b3d8-d7d3067c3935,2024-02-06 23:54:32.915 Z,INTERVIEWER,true
72fec9c1-093f-4113-bc59-13af64e47ac7,c0fc7bfc-5ffa-4fce-b3d8-d7d3067c3935,2024-02-06 23:54:32.915 Z,INTERVIEWER,true
4956f4d4-e4c4-4136-99c3-f1541a4902d5,c0fc7bfc-5ffa-4fce-b3d8-d7d3067c3935,2024-02-06 23:54:32.915 Z,INTERVIEWER,true
ef7c9b82-6882-4a00-8ede-77b955737be5,c0fc7bfc-5ffa-4fce-b3d8-d7d3067c3935,2024-02-06 23:54:32.915 Z,INTERVIEWER,true
1f0d4ce7-b333-4951-99fe-00d904c898c7,c0fc7bfc-5ffa-4fce-b3d8-d7d3067c3935,2024-02-06 23:54:32.915 Z,INTERVIEWER,true
8c66f84d-891e-424f-a860-1241383f65b8,c0fc7bfc-5ffa-4fce-b3d8-d7d3067c3935,2024-02-06 23:54:32.915 Z,INTERVIEWER,true
9444a17c-de85-4928-bf2d-5abc28c6177c,c0fc7bfc-5ffa-4fce-b3d8-d7d3067c3935,2024-02-06 23:54:32.915 Z,INTERVIEWER,true
8309f14d-88ac-42d0-a6a8-36bf39d6e577,c0fc7bfc-5ffa-4fce-b3d8-d7d3067c3935,2024-02-06 23:54:32.915 Z,INTERVIEWER,true
3ce47a86-16c8-4124-b8b3-4dc5ceb22bb5,c0fc7bfc-5ffa-4fce-b3d8-d7d3067c3935,2024-02-06 23:54:32.915 Z,INTERVIEWER,true
fd03445e-858e-41f7-a486-e21b01c0109a,c0fc7bfc-5ffa-4fce-b3d8-d7d3067c3935,2024-02-06 23:54:32.915 Z,INTERVIEWER,true
6a31973c-fb5d-456d-9cb1-23614e988494,c0fc7bfc-5ffa-4fce-b3d8-d7d3067c3935,2024-02-06 23:54:32.915 Z,INTERVIEWER,true
13cf27a5-e067-4f30-9ac6-365f66dc759e,c0fc7bfc-5ffa-4fce-b3d8-d7d3067c3935,2024-02-06 23:54:32.915 Z,INTERVIEWER,true
e17c2884-1307-47ef-8538-e125247b6e17,c0fc7bfc-5ffa-4fce-b3d8-d7d3067c3935,2024-02-06 23:54:32.915 Z,INTERVIEWER,true
1f197ffc-198e-47a8-a6fb-ed479b30d015,c0fc7bfc-5ffa-4fce-b3d8-d7d3067c3935,2024-02-06 23:54:32.915 Z,INTERVIEWER,true
5147f3ed-3a05-4015-843c-a8159a9937c5,c0fc7bfc-5ffa-4fce-b3d8-d7d3067c3935,2024-02-06 23:54:32.915 Z,INTERVIEWER,true
64dc6f29-e9a6-4186-b522-ccc3560eabc4,c0fc7bfc-5ffa-4fce-b3d8-d7d3067c3935,2024-02-06 23:54:32.915 Z,INTERVIEWER,true
29650d2e-8548-4860-b71e-4dd4cd76e8ae,c0fc7bfc-5ffa-4fce-b3d8-d7d3067c3935,2024-02-06 23:54:32.915 Z,INTERVIEWER,true
1dcaaaa2-d391-444b-b7a0-69ece07178a2,c0fc7bfc-5ffa-4fce-b3d8-d7d3067c3935,2024-02-06 23:54:32.915 Z,INTERVIEWER,true
bc433166-3b4b-4785-bab7-d56c46d2e8a7,c0fc7bfc-5ffa-4fce-b3d8-d7d3067c3935,2024-02-06 23:54:32.915 Z,INTERVIEWER,true
b95ef54f-1900-46f1-a4ae-e1ba988f3e10,c0fc7bfc-5ffa-4fce-b3d8-d7d3067c3935,2024-02-06 23:54:32.915 Z,INTERVIEWER,true
6b0f4f71-513d-4108-bc83-62751c76db8d,c0fc7bfc-5ffa-4fce-b3d8-d7d3067c3935,2024-02-06 23:54:32.915 Z,INTERVIEWER,true
34e9cabc-7365-479d-967f-07444965b986,c0fc7bfc-5ffa-4fce-b3d8-d7d3067c3935,2024-02-06 23:54:32.915 Z,INTERVIEWER,true
88cd2c68-c044-492c-a494-5a516b2d1edf,c0fc7bfc-5ffa-4fce-b3d8-d7d3067c3935,2024-02-06 23:54:32.915 Z,INTERVIEWER,true
c903e38f-9fa0-44b5-8fcb-54b422a2d058,c0fc7bfc-5ffa-4fce-b3d8-d7d3067c3935,2024-02-06 23:54:32.915 Z,INTERVIEWER,true
07d2f021-6687-46b8-a2b7-014f952894a6,c0fc7bfc-5ffa-4fce-b3d8-d7d3067c3935,2024-02-06 23:54:32.915 Z,INTERVIEWER,true
8f63fe16-c953-4c37-b949-a463d667da13,c0fc7bfc-5ffa-4fce-b3d8-d7d3067c3935,2024-02-06 23:54:32.915 Z,INTERVIEWER,true
e452c1b0-802a-45fc-83ab-a4eb18ef037e,c0fc7bfc-5ffa-4fce-b3d8-d7d3067c3935,2024-02-06 23:54:32.915 Z,INTERVIEWER,true
319ebdbc-9ae1-4cd3-8921-2a14094f767a,c0fc7bfc-5ffa-4fce-b3d8-d7d3067c3935,2024-02-06 23:54:32.915 Z,INTERVIEWER,true
0ca62c92-564d-444f-b052-c4feb6a63a4c,c0fc7bfc-5ffa-4fce-b3d8-d7d3067c3935,2024-02-06 23:54:32.915 Z,INTERVIEWER,true
7db93096-feb5-4a38-940a-6d965fd941f3,c0fc7bfc-5ffa-4fce-b3d8-d7d3067c3935,2024-02-06 23:54:32.915 Z,INTERVIEWER,true
da2914dc-9c8a-4e20-82ba-d3172730b1eb,c0fc7bfc-5ffa-4fce-b3d8-d7d3067c3935,2024-02-06 23:54:32.915 Z,INTERVIEWER,true
ac082034-1ac4-4d91-89d4-3b5adb2919c3,c0fc7bfc-5ffa-4fce-b3d8-d7d3067c3935,2024-02-06 23:54:32.915 Z,INTERVIEWER,true
2a885b7e-0016-4b2e-8cb6-acc0afa0b4ac,c0fc7bfc-5ffa-4fce-b3d8-d7d3067c3935,2024-02-06 23:54:32.915 Z,INTERVIEWER,true
3ceb14f1-07c1-41d1-9dd6-ae8a2e0e5072,c0fc7bfc-5ffa-4fce-b3d8-d7d3067c3935,2024-02-06 23:54:32.915 Z,INTERVIEWER,true
13cbfb4e-78ca-4712-a1b3-4c19f2d3b779,c0fc7bfc-5ffa-4fce-b3d8-d7d3067c3935,2024-02-06 23:54:32.915 Z,INTERVIEWER,true
08cd17d1-66da-4f10-be31-43d00256970a,c0fc7bfc-5ffa-4fce-b3d8-d7d3067c3935,2024-02-06 23:54:32.915 Z,INTERVIEWER,true
03d0428a-2d23-47e3-91f0-c6b28c11b109,c0fc7bfc-5ffa-4fce-b3d8-d7d3067c3935,2024-02-06 23:54:32.915 Z,INTERVIEWER,true
178a421d-f401-45b3-b48b-08676556f835,c0fc7bfc-5ffa-4fce-b3d8-d7d3067c3935,2024-02-06 23:54:32.915 Z,INTERVIEWER,true
48d2a846-4378-4e05-8ffc-299e9c276212,c0fc7bfc-5ffa-4fce-b3d8-d7d3067c3935,2024-02-06 23:54:32.915 Z,INTERVIEWER,true
b239defa-4006-475d-84cd-678a93c4a82f,c0fc7bfc-5ffa-4fce-b3d8-d7d3067c3935,2024-02-06 23:54:32.915 Z,INTERVIEWER,true
ddab8015-5f51-4cc7-8edf-23222e66c6c8,c0fc7bfc-5ffa-4fce-b3d8-d7d3067c3935,2024-02-06 23:54:32.915 Z,INTERVIEWER,true
49cec7d6-e0de-43a6-8b84-5d5b68d80fc5,c0fc7bfc-5ffa-4fce-b3d8-d7d3067c3935,2024-02-06 23:54:32.915 Z,INTERVIEWER,true
3f4ef268-74e8-4e8a-a00d-b818f0d660ee,c0fc7bfc-5ffa-4fce-b3d8-d7d3067c3935,2024-02-06 23:54:32.915 Z,INTERVIEWER,true
c1db1f85-9644-45da-805d-64eec39a615d,c0fc7bfc-5ffa-4fce-b3d8-d7d3067c3935,2024-02-06 23:54:32.915 Z,INTERVIEWER,true
b7df7ad5-2c96-4d19-b605-323dc8ded666,c0fc7bfc-5ffa-4fce-b3d8-d7d3067c3935,2024-02-06 23:54:32.915 Z,INTERVIEWER,true
8bb05ee8-d135-4364-9a01-610c33879687,c0fc7bfc-5ffa-4fce-b3d8-d7d3067c3935,2024-02-06 23:54:32.915 Z,INTERVIEWER,true
e9b9833f-18a0-4d5b-9b45-3ddd1782b91b,c0fc7bfc-5ffa-4fce-b3d8-d7d3067c3935,2024-02-06 23:54:32.915 Z,INTERVIEWER,true
20d1dcb9-21a3-44d5-abeb-46bb7fe6fc37,c0fc7bfc-5ffa-4fce-b3d8-d7d3067c3935,2024-02-06 23:54:32.915 Z,INTERVIEWER,true
1453198c-20f5-4df1-9009-2e6362e6e8f9,c0fc7bfc-5ffa-4fce-b3d8-d7d3067c3935,2024-02-06 23:54:32.915 Z,INTERVIEWER,true
57275230-7902-4d34-96a6-1dfb0385be61,c0fc7bfc-5ffa-4fce-b3d8-d7d3067c3935,2024-02-06 23:54:32.915 Z,INTERVIEWER,true
34b7134b-ee81-41dc-9c39-91a514320b90,c0fc7bfc-5ffa-4fce-b3d8-d7d3067c3935,2024-02-06 23:54:32.915 Z,INTERVIEWER,true
352ea470-30a7-4886-a1b9-630370a2364d,c0fc7bfc-5ffa-4fce-b3d8-d7d3067c3935,2024-02-06 23:54:32.915 Z,INTERVIEWER,true
36576b18-89bd-4557-ba83-7c4a714e2dfe,c0fc7bfc-5ffa-4fce-b3d8-d7d3067c3935,2024-02-06 23:54:32.915 Z,INTERVIEWER,true
dddb6cee-3622-4a65-99d4-fdbaa0642815,c0fc7bfc-5ffa-4fce-b3d8-d7d3067c3935,2024-02-06 23:54:32.915 Z,INTERVIEWER,true
f2e0e7fa-7fb1-4fb0-bf2f-67fc0030d0b5,c0fc7bfc-5ffa-4fce-b3d8-d7d3067c3935,2024-02-06 23:54:32.915 Z,INTERVIEWER,true
f10817dc-9ef5-45e1-a6ab-e6482ae45a18,c0fc7bfc-5ffa-4fce-b3d8-d7d3067c3935,2024-02-06 23:54:32.915 Z,INTERVIEWER,true
c2d65d38-fa60-46ee-94ad-9117b38822ed,c0fc7bfc-5ffa-4fce-b3d8-d7d3067c3935,2024-02-06 23:54:32.915 Z,INTERVIEWER,true
1a702c86-00b9-4418-bed9-7d915a5e0ad3,c0fc7bfc-5ffa-4fce-b3d8-d7d3067c3935,2024-02-06 23:54:32.915 Z,INTERVIEWER,true
dc44c011-e56a-4179-aaac-8a4ca95d5d86,c0fc7bfc-5ffa-4fce-b3d8-d7d3067c3935,2024-02-06 23:54:32.915 Z,INTERVIEWER,true
ba2ef77c-e10b-415c-b1d5-2875c4f01699,c0fc7bfc-5ffa-4fce-b3d8-d7d3067c3935,2024-02-06 23:54:32.915 Z,INTERVIEWER,true
c4a20041-0d0f-44ce-a8f3-0fa8d8989478,c0fc7bfc-5ffa-4fce-b3d8-d7d3067c3935,2024-02-06 23:54:32.915 Z,INTERVIEWER,true
fc083e67-211d-4186-b5ae-9b1d27ef568a,c0fc7bfc-5ffa-4fce-b3d8-d7d3067c3935,2024-02-06 23:54:32.915 Z,INTERVIEWER,true
52e7573f-4959-4208-b5a8-56d698e58516,c0fc7bfc-5ffa-4fce-b3d8-d7d3067c3935,2024-02-06 23:54:32.915 Z,INTERVIEWER,true
a1fcedfb-64f9-447f-b52f-615bf51a594b,c0fc7bfc-5ffa-4fce-b3d8-d7d3067c3935,2024-02-06 23:54:32.915 Z,INTERVIEWER,true
3c5a7d96-fea6-4561-8fd5-eac1f6d5cefe,c0fc7bfc-5ffa-4fce-b3d8-d7d3067c3935,2024-02-06 23:54:32.915 Z,INTERVIEWER,true
25674c1b-961b-4fe5-a6b0-5325782be1c0,c0fc7bfc-5ffa-4fce-b3d8-d7d3067c3935,2024-02-06 23:54:32.915 Z,INTERVIEWER,true
7d7671fb-1772-4702-bc92-06d225cd23b9,c0fc7bfc-5ffa-4fce-b3d8-d7d3067c3935,2024-02-06 23:54:32.915 Z,INTERVIEWER,true
9f7c9994-20ed-46a9-b2e3-34a055257ff5,c0fc7bfc-5ffa-4fce-b3d8-d7d3067c3935,2024-02-06 23:54:32.915 Z,INTERVIEWER,true
77d5f5d0-0652-4972-8d1c-63b235e798e8,c0fc7bfc-5ffa-4fce-b3d8-d7d3067c3935,2024-02-06 23:54:32.915 Z,INTERVIEWER,true
8e5d3853-75e3-462a-a1ac-a820e0ccdbbe,c0fc7bfc-5ffa-4fce-b3d8-d7d3067c3935,2024-02-06 23:54:32.915 Z,INTERVIEWER,true
848d4838-127d-48bb-a17c-8a6dd714f3f8,c0fc7bfc-5ffa-4fce-b3d8-d7d3067c3935,2024-02-06 23:54:32.915 Z,INTERVIEWER,true
26f4fd4c-a951-4e8d-bcf5-91c96b297ce8,c0fc7bfc-5ffa-4fce-b3d8-d7d3067c3935,2024-02-06 23:54:32.915 Z,INTERVIEWER,true
6dbacc64-1647-43d6-9c5c-020c2f948e4a,c0fc7bfc-5ffa-4fce-b3d8-d7d3067c3935,2024-02-06 23:54:32.915 Z,INTERVIEWER,true
353849a2-facd-4b68-b524-b256edde67cb,c0fc7bfc-5ffa-4fce-b3d8-d7d3067c3935,2024-02-06 23:54:32.915 Z,INTERVIEWER,true
f7b7ae0c-92f4-4a4a-b00a-d61ec5eeb911,c0fc7bfc-5ffa-4fce-b3d8-d7d3067c3935,2024-02-06 23:54:32.915 Z,INTERVIEWER,true
4d2c4438-c76b-4762-b72d-0ec97398067b,c0fc7bfc-5ffa-4fce-b3d8-d7d3067c3935,2024-02-06 23:54:32.915 Z,INTERVIEWER,true
3522e60b-943b-4b3d-bf62-ef1dd49fb468,c0fc7bfc-5ffa-4fce-b3d8-d7d3067c3935,2024-02-06 23:54:32.915 Z,INTERVIEWER,true
7937f211-7363-469f-8be3-d53b47b4da05,c0fc7bfc-5ffa-4fce-b3d8-d7d3067c3935,2024-02-06 23:54:32.915 Z,INTERVIEWER,true
55a312a1-101a-4e1f-9423-5eff16fac419,c0fc7bfc-5ffa-4fce-b3d8-d7d3067c3935,2024-02-06 23:54:32.915 Z,INTERVIEWER,true
fb1f6f4b-2900-4512-b11b-dcbb95b0aa12,c0fc7bfc-5ffa-4fce-b3d8-d7d3067c3935,2024-02-06 23:54:32.915 Z,INTERVIEWER,true
4cd0a052-7878-44df-8522-af535ec81278,c0fc7bfc-5ffa-4fce-b3d8-d7d3067c3935,2024-02-06 23:54:32.915 Z,INTERVIEWER,true
32e41e55-ae00-4b0d-8550-6fdd4cb26451,c0fc7bfc-5ffa-4fce-b3d8-d7d3067c3935,2024-02-06 23:54:32.915 Z,INTERVIEWER,true
64057157-5c1b-4793-a868-47c3946db630,c0fc7bfc-5ffa-4fce-b3d8-d7d3067c3935,2024-02-06 23:54:32.915 Z,INTERVIEWER,true
8053b897-9720-4255-9c3f-a3ec90ffe2cf,c0fc7bfc-5ffa-4fce-b3d8-d7d3067c3935,2024-02-06 23:54:32.915 Z,INTERVIEWER,true
83815876-8638-411e-ad1a-7604d38a7afc,c0fc7bfc-5ffa-4fce-b3d8-d7d3067c3935,2024-02-06 23:54:32.915 Z,INTERVIEWER,true
d6d9a5d8-97ff-483b-85ba-c0472fe71430,c0fc7bfc-5ffa-4fce-b3d8-d7d3067c3935,2024-02-06 23:54:32.915 Z,INTERVIEWER,true
d5ed69f7-f926-46c6-9e9e-8f1615f89a8d,c0fc7bfc-5ffa-4fce-b3d8-d7d3067c3935,2024-02-06 23:54:32.915 Z,INTERVIEWER,true
20465f40-2911-420a-932a-c6ac547c1287,c0fc7bfc-5ffa-4fce-b3d8-d7d3067c3935,2024-02-06 23:54:32.915 Z,INTERVIEWER,true
2b7a9948-8bce-4f4e-9436-7fe40909e9fd,c0fc7bfc-5ffa-4fce-b3d8-d7d3067c3935,2024-02-06 23:54:32.915 Z,INTERVIEWER,true
8ee8d655-5249-423d-8a62-b6f12411fcb6,c0fc7bfc-5ffa-4fce-b3d8-d7d3067c3935,2024-02-06 23:54:32.915 Z,INTERVIEWER,true
9d26eb68-6da8-4d84-ba66-6062883aa9e9,c0fc7bfc-5ffa-4fce-b3d8-d7d3067c3935,2024-02-06 23:54:32.915 Z,INTERVIEWER,true
9b8a4dc3-bc19-4003-b100-987fcd7b3e53,c0fc7bfc-5ffa-4fce-b3d8-d7d3067c3935,2024-02-06 23:54:32.915 Z,INTERVIEWER,true
442a31ee-e06b-4fb1-97f8-5d660c61cf83,c0fc7bfc-5ffa-4fce-b3d8-d7d3067c3935,2024-02-06 23:54:32.915 Z,INTERVIEWER,true
8abde713-2e66-4303-b59d-3b95b5e044ee,c0fc7bfc-5ffa-4fce-b3d8-d7d3067c3935,2024-02-06 23:54:32.915 Z,INTERVIEWER,true
b40c15db-bc7d-4cc8-a34f-56d09b575e22,c0fc7bfc-5ffa-4fce-b3d8-d7d3067c3935,2024-02-06 23:54:32.915 Z,INTERVIEWER,true
703940bf-ead2-4f93-a5aa-fd40208a02d8,c0fc7bfc-5ffa-4fce-b3d8-d7d3067c3935,2024-02-06 23:54:32.915 Z,INTERVIEWER,true
8d1f7ed5-fa5e-47fd-af47-adbe9e7118a0,c0fc7bfc-5ffa-4fce-b3d8-d7d3067c3935,2024-02-06 23:54:32.915 Z,INTERVIEWER,true
31592e4c-4c80-47df-9113-b0ea7d5bdb6f,c0fc7bfc-5ffa-4fce-b3d8-d7d3067c3935,2024-02-06 23:54:32.915 Z,INTERVIEWER,true
533031f3-f3b6-49de-b953-ff098ba8f925,c0fc7bfc-5ffa-4fce-b3d8-d7d3067c3935,2024-02-06 23:54:32.915 Z,INTERVIEWER,true
273b7b14-d7bf-4a1f-9f7b-0010e4328d2b,c0fc7bfc-5ffa-4fce-b3d8-d7d3067c3935,2024-02-06 23:54:32.915 Z,INTERVIEWER,true
cbc62d2e-e76e-4b0f-9bf3-971d5a541bea,c0fc7bfc-5ffa-4fce-b3d8-d7d3067c3935,2024-02-06 23:54:32.915 Z,INTERVIEWER,true
5ce27620-67d9-465d-b9d3-be83c4d29354,c0fc7bfc-5ffa-4fce-b3d8-d7d3067c3935,2024-02-06 23:54:39.658 Z,HIRING_TEAM_MEMBER,true
1d0c94b7-d43f-4946-9dbc-8f222cae26d0,c0fc7bfc-5ffa-4fce-b3d8-d7d3067c3935,2024-02-06 23:54:32.915 Z,INTERVIEWER,true
73200410-2cd1-4864-a0a5-2801d847f13c,c0fc7bfc-5ffa-4fce-b3d8-d7d3067c3935,2024-02-06 23:54:32.915 Z,INTERVIEWER,true
361dc034-035b-465b-b879-509d4271a6cb,c0fc7bfc-5ffa-4fce-b3d8-d7d3067c3935,2024-02-06 23:54:32.915 Z,INTERVIEWER,true
8532f164-6e07-42a1-a087-7d3c7bd2044f,c0fc7bfc-5ffa-4fce-b3d8-d7d3067c3935,2024-02-06 23:54:32.915 Z,INTERVIEWER,true
5fcb9ded-a2b7-4973-ab85-b1c23cba9272,c0fc7bfc-5ffa-4fce-b3d8-d7d3067c3935,2024-02-06 23:54:32.915 Z,INTERVIEWER,true
412d9866-9a31-456e-a1dd-3d87b2aaa7f4,c0fc7bfc-5ffa-4fce-b3d8-d7d3067c3935,2024-02-06 23:54:32.915 Z,INTERVIEWER,true
75c7ed42-0ee6-4f58-b5a0-b76f3144487b,c0fc7bfc-5ffa-4fce-b3d8-d7d3067c3935,2024-02-06 23:54:32.915 Z,INTERVIEWER,true
f508bd99-7457-4ad2-92b5-67df2e4c7dbb,c0fc7bfc-5ffa-4fce-b3d8-d7d3067c3935,2024-02-06 23:54:32.915 Z,INTERVIEWER,true
d0fb4753-93bc-4f8b-be8f-20edfb9dcd93,c0fc7bfc-5ffa-4fce-b3d8-d7d3067c3935,2024-02-06 23:54:32.915 Z,INTERVIEWER,true
e3b14718-e881-45bc-8eba-2d377b94a7eb,c0fc7bfc-5ffa-4fce-b3d8-d7d3067c3935,2024-02-06 23:54:32.915 Z,INTERVIEWER,true
77cc1b66-2025-4014-955d-08d482823947,c0fc7bfc-5ffa-4fce-b3d8-d7d3067c3935,2024-02-06 23:54:32.915 Z,INTERVIEWER,true
14ba23fe-1f9b-46eb-b1ba-fcc877e16f22,c0fc7bfc-5ffa-4fce-b3d8-d7d3067c3935,2024-02-06 23:54:32.915 Z,INTERVIEWER,true
457d16db-9053-4fc7-9a3d-137616cfc7e2,c0fc7bfc-5ffa-4fce-b3d8-d7d3067c3935,2024-02-06 23:54:32.915 Z,INTERVIEWER,true
f4e6e02c-2276-430b-a2fb-4fe7fb4ce3a7,c0fc7bfc-5ffa-4fce-b3d8-d7d3067c3935,2024-02-06 23:54:32.915 Z,INTERVIEWER,true
fc74d78d-58c7-4878-ad4e-d90910eb7f3c,c0fc7bfc-5ffa-4fce-b3d8-d7d3067c3935,2024-02-06 23:54:32.915 Z,INTERVIEWER,true
a284560a-4ddf-4168-a761-d891af0ee2e0,c0fc7bfc-5ffa-4fce-b3d8-d7d3067c3935,2024-02-06 23:54:32.915 Z,INTERVIEWER,true
fb6f62a4-1e8e-41d6-80fc-6ecbf697ee33,c0fc7bfc-5ffa-4fce-b3d8-d7d3067c3935,2024-02-06 23:54:32.915 Z,INTERVIEWER,true
c8cd2948-db89-4b20-a0ed-63126897f4b3,c0fc7bfc-5ffa-4fce-b3d8-d7d3067c3935,2024-02-06 23:54:32.915 Z,INTERVIEWER,true
3f12f8a3-5b43-4810-94c6-d17bae29a476,c0fc7bfc-5ffa-4fce-b3d8-d7d3067c3935,2024-02-06 23:54:32.915 Z,INTERVIEWER,true
45e2058e-4437-411f-b6cd-76667f0af637,c0fc7bfc-5ffa-4fce-b3d8-d7d3067c3935,2024-02-06 23:54:32.915 Z,INTERVIEWER,true
c5476904-066e-4b09-8bf5-f88b2bfc57b6,c0fc7bfc-5ffa-4fce-b3d8-d7d3067c3935,2024-02-06 23:54:32.915 Z,INTERVIEWER,true
611cdc04-0f43-4eba-807e-19277b61ae98,c0fc7bfc-5ffa-4fce-b3d8-d7d3067c3935,2024-02-06 23:54:32.915 Z,INTERVIEWER,true
1e2a3646-7e43-4e7a-bff1-4f8de7b7b23c,c0fc7bfc-5ffa-4fce-b3d8-d7d3067c3935,2024-02-06 23:54:32.915 Z,INTERVIEWER,true
10a73c4a-0c44-494a-97fc-22d0538e9c54,c0fc7bfc-5ffa-4fce-b3d8-d7d3067c3935,2024-02-06 23:54:32.915 Z,INTERVIEWER,true
438ed862-3ddf-4a39-a666-f4899755b4ea,c0fc7bfc-5ffa-4fce-b3d8-d7d3067c3935,2024-02-06 23:54:32.915 Z,INTERVIEWER,true
68f530f2-e38d-4450-90f3-e64fcd0f44e9,c0fc7bfc-5ffa-4fce-b3d8-d7d3067c3935,2024-02-06 23:54:32.915 Z,INTERVIEWER,true
52e3748b-f857-4c97-a4cd-a63451b47750,c0fc7bfc-5ffa-4fce-b3d8-d7d3067c3935,2024-02-06 23:54:32.915 Z,INTERVIEWER,true
7680d989-3396-457e-a693-f108e2a0e71b,c0fc7bfc-5ffa-4fce-b3d8-d7d3067c3935,2024-02-06 23:54:32.915 Z,INTERVIEWER,true
38178d83-1c60-49f0-babf-1ca98f887c71,c0fc7bfc-5ffa-4fce-b3d8-d7d3067c3935,2024-02-06 23:54:32.915 Z,INTERVIEWER,true
2af0578a-4953-4617-8374-371e95205525,c0fc7bfc-5ffa-4fce-b3d8-d7d3067c3935,2024-02-06 23:54:32.915 Z,INTERVIEWER,true
0875b153-7593-4265-ac51-70c64588dd32,c0fc7bfc-5ffa-4fce-b3d8-d7d3067c3935,2024-02-06 23:54:32.915 Z,INTERVIEWER,true
65d85714-ff91-4e0c-a192-c38882e0c6a9,c0fc7bfc-5ffa-4fce-b3d8-d7d3067c3935,2024-02-06 23:54:32.915 Z,INTERVIEWER,true
3041e009-804c-4f37-bf67-decc944270e0,c0fc7bfc-5ffa-4fce-b3d8-d7d3067c3935,2024-02-06 23:54:32.915 Z,INTERVIEWER,true
1d80e6df-12f9-4fda-be63-79e1fd47a556,c0fc7bfc-5ffa-4fce-b3d8-d7d3067c3935,2024-02-06 23:54:32.915 Z,INTERVIEWER,true
fde28ab7-3c8f-4ed3-b2ef-379a7489f3b3,c0fc7bfc-5ffa-4fce-b3d8-d7d3067c3935,2024-02-06 23:54:32.915 Z,INTERVIEWER,true
bdd08158-a006-438e-816a-caf8af3547f5,c0fc7bfc-5ffa-4fce-b3d8-d7d3067c3935,2024-02-06 23:54:32.915 Z,INTERVIEWER,true
b48ca50c-abd9-4c51-8242-4dc8a26540bb,c0fc7bfc-5ffa-4fce-b3d8-d7d3067c3935,2024-02-06 23:54:32.915 Z,INTERVIEWER,true
e83fbd56-1e61-4766-81ef-396bccb377dc,c0fc7bfc-5ffa-4fce-b3d8-d7d3067c3935,2024-02-06 23:54:32.915 Z,INTERVIEWER,true
f8f1e13d-0b74-4281-902d-f367d51d8036,c0fc7bfc-5ffa-4fce-b3d8-d7d3067c3935,2024-02-06 23:54:32.915 Z,INTERVIEWER,true
329facf5-2285-4703-90c8-6b92b1dcfed7,c0fc7bfc-5ffa-4fce-b3d8-d7d3067c3935,2024-02-06 23:54:32.915 Z,INTERVIEWER,true
f3d4c7c9-e722-484c-9faf-568fc781c461,c0fc7bfc-5ffa-4fce-b3d8-d7d3067c3935,2024-02-06 23:54:32.915 Z,INTERVIEWER,true
cbbd0eb0-0285-40ee-97db-6669330aec9d,c0fc7bfc-5ffa-4fce-b3d8-d7d3067c3935,2024-02-06 23:54:32.915 Z,INTERVIEWER,true
5a258a8a-1496-4018-bd45-5bdf5232d8b4,c0fc7bfc-5ffa-4fce-b3d8-d7d3067c3935,2024-02-06 23:54:32.915 Z,INTERVIEWER,true
de09cdc1-6e12-4366-9b0e-51ce272dcb14,c0fc7bfc-5ffa-4fce-b3d8-d7d3067c3935,2024-02-06 23:54:32.915 Z,INTERVIEWER,true
16232039-63c9-4b43-b81b-fe93339b45fe,c0fc7bfc-5ffa-4fce-b3d8-d7d3067c3935,2024-02-06 23:54:32.915 Z,INTERVIEWER,true
efddabc3-777e-42bf-a8f8-d7e3f65491d8,c0fc7bfc-5ffa-4fce-b3d8-d7d3067c3935,2024-02-06 23:54:32.915 Z,INTERVIEWER,true
3371b01b-250b-4b55-bdec-a6a2de0d6eaa,c0fc7bfc-5ffa-4fce-b3d8-d7d3067c3935,2024-02-06 23:54:32.915 Z,INTERVIEWER,true
419dd87e-2572-450a-aa5c-c5cf525706fd,c0fc7bfc-5ffa-4fce-b3d8-d7d3067c3935,2024-02-06 23:54:32.915 Z,INTERVIEWER,true
e0f5c544-e0e7-4d73-84c7-20c6209bd7fe,c0fc7bfc-5ffa-4fce-b3d8-d7d3067c3935,2024-02-06 23:54:32.915 Z,INTERVIEWER,true
f8c9badf-930e-401c-9dfa-4f0a7c2a0599,c0fc7bfc-5ffa-4fce-b3d8-d7d3067c3935,2024-02-06 23:54:32.915 Z,INTERVIEWER,true
a71559c3-6dfa-4d09-9fa7-9eb477a190cb,c0fc7bfc-5ffa-4fce-b3d8-d7d3067c3935,2024-02-06 23:54:32.915 Z,INTERVIEWER,true
0391b719-cecc-4430-9d15-f5c65a306d29,c0fc7bfc-5ffa-4fce-b3d8-d7d3067c3935,2024-02-06 23:54:32.915 Z,INTERVIEWER,true
fb4c33f4-a571-43fe-bea8-f43acad00142,c0fc7bfc-5ffa-4fce-b3d8-d7d3067c3935,2024-02-06 23:54:32.915 Z,INTERVIEWER,true
365d7e07-3476-49c1-acd2-75fe25c979dc,c0fc7bfc-5ffa-4fce-b3d8-d7d3067c3935,2024-02-06 23:54:32.915 Z,INTERVIEWER,true
5729f0cf-0c97-4b7a-af4b-ff0d442130bd,c0fc7bfc-5ffa-4fce-b3d8-d7d3067c3935,2024-02-06 23:54:32.915 Z,INTERVIEWER,true
23ce6012-b15e-4ee3-92da-5e7db8c70850,c0fc7bfc-5ffa-4fce-b3d8-d7d3067c3935,2024-02-06 23:54:32.915 Z,INTERVIEWER,true
0c3c63e0-a26b-485c-b169-9c25fcf1e56a,c0fc7bfc-5ffa-4fce-b3d8-d7d3067c3935,2024-02-06 23:54:32.915 Z,INTERVIEWER,true
9ab7d825-f095-48fd-9366-284d478afae2,c0fc7bfc-5ffa-4fce-b3d8-d7d3067c3935,2024-02-06 23:54:32.915 Z,INTERVIEWER,true
8dbfa6d0-5f3c-4804-9f71-d215f9cab7e2,c0fc7bfc-5ffa-4fce-b3d8-d7d3067c3935,2024-02-06 23:54:32.915 Z,INTERVIEWER,true
26ce2505-6c35-4394-a603-a9ce9f034c11,c0fc7bfc-5ffa-4fce-b3d8-d7d3067c3935,2024-02-06 23:54:32.915 Z,INTERVIEWER,true
5ef67a4f-f8fb-48b0-9015-c9f23bc37891,c0fc7bfc-5ffa-4fce-b3d8-d7d3067c3935,2024-02-06 23:54:32.915 Z,INTERVIEWER,true
5ef27e13-313c-454e-a8cc-44d054e4f69a,c0fc7bfc-5ffa-4fce-b3d8-d7d3067c3935,2024-02-06 23:54:32.915 Z,INTERVIEWER,true
8e720062-14ae-4e20-998f-4465e507dcba,c0fc7bfc-5ffa-4fce-b3d8-d7d3067c3935,2024-02-06 23:54:32.915 Z,INTERVIEWER,true
64e860cd-892f-4cdb-a2da-8b49cd1f78a4,c0fc7bfc-5ffa-4fce-b3d8-d7d3067c3935,2024-02-06 23:54:32.915 Z,INTERVIEWER,true
a094f886-38ea-4c2b-ad61-fa523319ef0f,c0fc7bfc-5ffa-4fce-b3d8-d7d3067c3935,2024-02-06 23:54:32.915 Z,INTERVIEWER,true
25efc03d-26fb-406a-96a1-38092e5187a0,c0fc7bfc-5ffa-4fce-b3d8-d7d3067c3935,2024-02-06 23:54:32.915 Z,INTERVIEWER,true
16ce570d-5321-48e0-a065-86c37e912fe6,c0fc7bfc-5ffa-4fce-b3d8-d7d3067c3935,2024-02-06 23:54:32.915 Z,INTERVIEWER,true
5c2a3d0e-627f-4241-b40d-2c6837648e19,c0fc7bfc-5ffa-4fce-b3d8-d7d3067c3935,2024-02-06 23:54:32.915 Z,INTERVIEWER,true
b5d45cfd-9477-4e46-b109-7695b6a94be6,c0fc7bfc-5ffa-4fce-b3d8-d7d3067c3935,2024-02-06 23:54:32.915 Z,INTERVIEWER,true
667f6be4-60e2-442b-ae38-d8d08e9f2a43,c0fc7bfc-5ffa-4fce-b3d8-d7d3067c3935,2024-02-06 23:54:32.915 Z,INTERVIEWER,true
44b59187-23ee-4fce-8081-7ff0f8534216,c0fc7bfc-5ffa-4fce-b3d8-d7d3067c3935,2024-02-06 23:54:32.915 Z,INTERVIEWER,true
402bbb3d-4cf5-4732-9069-aa911ec322f8,c0fc7bfc-5ffa-4fce-b3d8-d7d3067c3935,2024-02-06 23:54:32.915 Z,INTERVIEWER,true
ed75a38a-dcd2-4e37-8752-d17e5a276a23,c0fc7bfc-5ffa-4fce-b3d8-d7d3067c3935,2024-02-06 23:54:32.915 Z,INTERVIEWER,true
be947445-2ccd-419d-a7e3-a8194d275f4c,c0fc7bfc-5ffa-4fce-b3d8-d7d3067c3935,2024-02-06 23:54:32.915 Z,INTERVIEWER,true
9acb34f7-da63-46ea-a48c-0775db08adb2,c0fc7bfc-5ffa-4fce-b3d8-d7d3067c3935,2024-02-06 23:54:32.915 Z,INTERVIEWER,true
112f6cb8-115c-44cb-ae4d-8fd08e36950e,c0fc7bfc-5ffa-4fce-b3d8-d7d3067c3935,2024-02-06 23:54:32.915 Z,INTERVIEWER,true
725c0511-5490-46ec-8235-aef1c8bc87fd,c0fc7bfc-5ffa-4fce-b3d8-d7d3067c3935,2024-02-06 23:54:32.915 Z,INTERVIEWER,true
67d63f84-f556-42ea-ae7b-349a08cb3836,c0fc7bfc-5ffa-4fce-b3d8-d7d3067c3935,2024-02-06 23:54:32.915 Z,INTERVIEWER,true
28d16eb6-ed8a-40e9-9cc1-995fa7ee0ef8,c0fc7bfc-5ffa-4fce-b3d8-d7d3067c3935,2024-02-06 23:54:32.915 Z,INTERVIEWER,true
86a7ee62-b91b-4ffd-84cb-b88fd13ac2a6,c0fc7bfc-5ffa-4fce-b3d8-d7d3067c3935,2024-02-06 23:54:32.915 Z,INTERVIEWER,true
7e8d41ee-52be-4077-a4be-bf2c0d66e9d9,c0fc7bfc-5ffa-4fce-b3d8-d7d3067c3935,2024-02-06 23:54:32.915 Z,INTERVIEWER,true
e299844a-9089-4452-a240-820927b8a867,c0fc7bfc-5ffa-4fce-b3d8-d7d3067c3935,2024-02-06 23:54:32.915 Z,INTERVIEWER,true
8b54184f-5581-4273-ba01-528d6f91072c,c0fc7bfc-5ffa-4fce-b3d8-d7d3067c3935,2024-02-06 23:54:32.915 Z,INTERVIEWER,true
12ee4813-79cb-4255-b830-91166c29e3f7,c0fc7bfc-5ffa-4fce-b3d8-d7d3067c3935,2024-02-06 23:54:32.915 Z,INTERVIEWER,true
76f64969-8518-4ada-a063-9b74e8d59801,c0fc7bfc-5ffa-4fce-b3d8-d7d3067c3935,2024-02-06 23:54:32.915 Z,INTERVIEWER,true
70d5e345-26de-4fbb-86bb-595797d7805f,c0fc7bfc-5ffa-4fce-b3d8-d7d3067c3935,2024-02-06 23:54:32.915 Z,INTERVIEWER,true
c77c0347-d829-4265-b25a-83455068f1a4,c0fc7bfc-5ffa-4fce-b3d8-d7d3067c3935,2024-02-06 23:54:32.915 Z,INTERVIEWER,true
31135dae-bfdf-4580-a521-65bf6e2d9914,c0fc7bfc-5ffa-4fce-b3d8-d7d3067c3935,2024-02-06 23:54:32.915 Z,INTERVIEWER,true
abe7b056-904c-4a81-9a26-2beba01c7fe9,c0fc7bfc-5ffa-4fce-b3d8-d7d3067c3935,2024-02-06 23:54:32.915 Z,INTERVIEWER,true
713c2907-c880-4dca-a891-47033ec48245,c0fc7bfc-5ffa-4fce-b3d8-d7d3067c3935,2024-02-06 23:54:32.915 Z,INTERVIEWER,true
8a314590-a0e4-42b1-8697-2fd18b38f21d,c0fc7bfc-5ffa-4fce-b3d8-d7d3067c3935,2024-02-06 23:54:32.915 Z,INTERVIEWER,true
b9b1c00d-8b42-482f-8a36-e41ef4120096,c0fc7bfc-5ffa-4fce-b3d8-d7d3067c3935,2024-02-06 23:54:32.915 Z,INTERVIEWER,true
b8e756a6-43d3-4ce5-878b-39a116766123,c0fc7bfc-5ffa-4fce-b3d8-d7d3067c3935,2024-02-06 23:54:32.915 Z,INTERVIEWER,true
128ea586-0bfb-4e2e-b655-11402329a9cb,c0fc7bfc-5ffa-4fce-b3d8-d7d3067c3935,2024-02-06 23:54:32.915 Z,INTERVIEWER,true
e5678eb6-50fc-478d-adcf-70fb96086f70,c0fc7bfc-5ffa-4fce-b3d8-d7d3067c3935,2024-02-06 23:54:32.915 Z,INTERVIEWER,true
cb5623bb-1115-4cc9-971d-cc579ae7ab76,c0fc7bfc-5ffa-4fce-b3d8-d7d3067c3935,2024-02-06 23:54:32.915 Z,INTERVIEWER,true
9c525cc1-c96b-45eb-8274-bdf51d7d13be,c0fc7bfc-5ffa-4fce-b3d8-d7d3067c3935,2024-02-06 23:54:32.915 Z,INTERVIEWER,true
d24af6ad-4924-408d-9af6-eff84b2c41a5,c0fc7bfc-5ffa-4fce-b3d8-d7d3067c3935,2024-02-06 23:54:32.915 Z,INTERVIEWER,true
5f807e4a-9741-4c5b-8d67-80a66cd8ad76,c0fc7bfc-5ffa-4fce-b3d8-d7d3067c3935,2024-02-06 23:54:32.915 Z,INTERVIEWER,true
7a120fcd-6975-44f2-86b2-e1bbc8649e39,c0fc7bfc-5ffa-4fce-b3d8-d7d3067c3935,2024-02-06 23:54:32.915 Z,INTERVIEWER,true
a11ec274-c99f-48b9-b951-0b34b6c89b44,c0fc7bfc-5ffa-4fce-b3d8-d7d3067c3935,2024-02-06 23:54:32.915 Z,INTERVIEWER,true
31cfdc3b-9934-4937-98d9-ed07321c649d,c0fc7bfc-5ffa-4fce-b3d8-d7d3067c3935,2024-02-06 23:54:32.915 Z,INTERVIEWER,true
e310adf4-ce80-4ac8-834e-d2fd527dc007,c0fc7bfc-5ffa-4fce-b3d8-d7d3067c3935,2024-02-06 23:54:32.915 Z,INTERVIEWER,true
11810ad9-daa2-4848-9d85-6905c3d35dc2,c0fc7bfc-5ffa-4fce-b3d8-d7d3067c3935,2024-02-06 23:54:32.915 Z,INTERVIEWER,true
cfa225dc-31c1-489d-be8d-15889b2285bd,c0fc7bfc-5ffa-4fce-b3d8-d7d3067c3935,2024-02-06 23:54:32.915 Z,INTERVIEWER,true
6ae76b84-1271-4aad-b4aa-4314ac08a5be,c0fc7bfc-5ffa-4fce-b3d8-d7d3067c3935,2024-02-06 23:54:32.915 Z,INTERVIEWER,true
1e0f13a0-aeed-4aa5-9a9e-3db5666745d2,c0fc7bfc-5ffa-4fce-b3d8-d7d3067c3935,2024-02-06 23:54:32.915 Z,INTERVIEWER,true
a45fd877-9fae-4e00-88ba-06a48a6d7c0c,c0fc7bfc-5ffa-4fce-b3d8-d7d3067c3935,2024-02-06 23:54:32.915 Z,INTERVIEWER,true
163e128f-78d9-49d8-a155-3a93b8c3c410,c0fc7bfc-5ffa-4fce-b3d8-d7d3067c3935,2024-02-06 23:54:32.915 Z,INTERVIEWER,true
280cd645-d7e9-403e-9f44-ac3fdba5c293,c0fc7bfc-5ffa-4fce-b3d8-d7d3067c3935,2024-02-06 23:54:32.915 Z,INTERVIEWER,true
97c9f1a8-1035-4b39-8aa4-038532baf413,c0fc7bfc-5ffa-4fce-b3d8-d7d3067c3935,2024-02-06 23:54:32.915 Z,INTERVIEWER,true
e2d3f51e-3ea1-4a63-83cb-1a51e783b64c,c0fc7bfc-5ffa-4fce-b3d8-d7d3067c3935,2024-02-06 23:54:32.915 Z,INTERVIEWER,true
5ede3d2e-b74b-4186-be5f-0a25f0e5645b,c0fc7bfc-5ffa-4fce-b3d8-d7d3067c3935,2024-02-06 23:54:32.915 Z,INTERVIEWER,true
78693944-0788-427d-bbe4-325e142a1785,c0fc7bfc-5ffa-4fce-b3d8-d7d3067c3935,2024-02-06 23:54:32.915 Z,INTERVIEWER,true
c187ff15-ec63-438f-a866-e182fc7549ca,c0fc7bfc-5ffa-4fce-b3d8-d7d3067c3935,2024-02-06 23:54:32.915 Z,INTERVIEWER,true
e8ed604f-d993-4298-80a2-9e0bc3966c2f,c0fc7bfc-5ffa-4fce-b3d8-d7d3067c3935,2024-02-06 23:54:32.915 Z,INTERVIEWER,true
da59fec7-5c6b-4df3-8696-b059e62a5da3,79a81a50-3045-47b6-84ae-8cd2d981845e,2022-04-12 19:55:33.303 Z,INTERVIEWER,true
0210d404-51bf-4ee2-b1e3-3f30f4f627ea,c0fc7bfc-5ffa-4fce-b3d8-d7d3067c3935,2024-02-06 23:54:32.915 Z,INTERVIEWER,true
453f48f3-390d-4218-81ac-6655e21b871a,79a81a50-3045-47b6-84ae-8cd2d981845e,2022-05-11 21:56:07.257 Z,INTERVIEWER,false
1d07f5e9-712d-4aaf-bcb3-9a4e4704b1cc,79a81a50-3045-47b6-84ae-8cd2d981845e,2022-02-15 01:55:20.251 Z,HIRING_TEAM_MEMBER,false
95d0b25f-b22a-41bd-a6d0-c929407bea60,79a81a50-3045-47b6-84ae-8cd2d981845e,2023-02-28 18:15:21.024 Z,INTERVIEWER,true
f51e3ee0-ea18-4890-af1e-19e20fdcc082,79a81a50-3045-47b6-84ae-8cd2d981845e,2022-03-23 20:26:32.615 Z,INTERVIEWER,false
79b5d489-6b2f-46a6-ace3-16f1463c0ea4,79a81a50-3045-47b6-84ae-8cd2d981845e,2021-10-14 23:45:40.096 Z,INTERVIEWER,false
53491c86-c961-4525-8b7c-54d80fa535de,79a81a50-3045-47b6-84ae-8cd2d981845e,2022-11-03 16:26:27.833 Z,INTERVIEWER,false
01896be9-1164-4e76-b44c-7087b0795da3,c0fc7bfc-5ffa-4fce-b3d8-d7d3067c3935,2024-02-06 23:54:32.915 Z,HIRING_TEAM_MEMBER,true
1ac56d6f-7670-4744-814d-4cdd22e63822,79a81a50-3045-47b6-84ae-8cd2d981845e,2023-02-26 20:15:14.720 Z,INTERVIEWER,false
cdbf4e48-06c5-4f60-aef5-b4854044460e,79a81a50-3045-47b6-84ae-8cd2d981845e,2023-04-03 17:31:46.160 Z,INTERVIEWER,false
81f4a35f-e064-484a-9a13-20e38d7df786,79a81a50-3045-47b6-84ae-8cd2d981845e,2022-02-06 15:05:28.276 Z,INTERVIEWER,false
f0eef89c-4884-40dd-a8af-75277a6a1e92,79a81a50-3045-47b6-84ae-8cd2d981845e,2023-01-17 19:10:30.742 Z,ORGANIZATION_ADMIN,true
3d0b5260-67d1-475a-ae4d-2d9941f7161e,79a81a50-3045-47b6-84ae-8cd2d981845e,2022-07-22 17:09:43.102 Z,HIRING_TEAM_MEMBER,true
9500cd24-108b-4452-9647-8e6dccedd207,79a81a50-3045-47b6-84ae-8cd2d981845e,2021-10-14 23:45:38.330 Z,HIRING_TEAM_MEMBER,false
d5898a27-b900-4783-b788-4b17ac052775,79a81a50-3045-47b6-84ae-8cd2d981845e,2023-05-18 18:53:24.942 Z,INTERVIEWER,false
c550083e-867e-4b18-a6a0-7d346df4c70d,79a81a50-3045-47b6-84ae-8cd2d981845e,2023-10-23 22:43:41.472 Z,INTERVIEWER,true
35a6bd20-5193-4e7c-b87a-69b6f5780b08,79a81a50-3045-47b6-84ae-8cd2d981845e,2021-10-14 23:45:39.361 Z,INTERVIEWER,false
cdeb4db9-4626-426b-b9e6-08fc0b198397,79a81a50-3045-47b6-84ae-8cd2d981845e,2021-10-14 23:45:39.017 Z,HIRING_TEAM_MEMBER,true
004d732d-e005-4ff4-ae10-4c382c270cf3,c0fc7bfc-5ffa-4fce-b3d8-d7d3067c3935,2024-02-06 23:54:32.915 Z,HIRING_TEAM_MEMBER,true
9e7316c5-3800-42b0-87d6-0863a6723acd,79a81a50-3045-47b6-84ae-8cd2d981845e,2024-06-25 15:43:31.729 Z,INTERVIEWER,true
e6700864-de3d-47aa-8e67-4f01a3a822c6,79a81a50-3045-47b6-84ae-8cd2d981845e,2024-01-06 00:42:06.051 Z,INTERVIEWER,true
16b1f241-5098-4da3-abe3-5f18255178f8,79a81a50-3045-47b6-84ae-8cd2d981845e,2022-05-13 19:47:18.378 Z,INTERVIEWER,false
0fb6e778-eec0-48d4-b87a-9f80c089669d,79a81a50-3045-47b6-84ae-8cd2d981845e,2022-02-25 22:47:40.163 Z,INTERVIEWER,false
19888dfb-7578-4071-b51c-830c89d267a9,79a81a50-3045-47b6-84ae-8cd2d981845e,2023-04-18 21:17:11.906 Z,INTERVIEWER,false
307cfb49-c9bd-46db-bfb7-ba0b855c78ce,79a81a50-3045-47b6-84ae-8cd2d981845e,2021-10-14 23:45:39.886 Z,INTERVIEWER,false
2a3cb5d8-d541-4e09-a055-e4d79b8a2cf2,79a81a50-3045-47b6-84ae-8cd2d981845e,2021-11-19 17:57:03.404 Z,INTERVIEWER,false
c63f204a-47ec-403e-8306-4068daf253b7,79a81a50-3045-47b6-84ae-8cd2d981845e,2021-12-13 18:46:03.520 Z,INTERVIEWER,false
11777d2e-9a5e-49c6-a08c-745139c368ec,79a81a50-3045-47b6-84ae-8cd2d981845e,2021-10-21 03:35:33.659 Z,INTERVIEWER,false
6a73daa8-8942-4feb-ab96-cd1d6c7c23d3,79a81a50-3045-47b6-84ae-8cd2d981845e,2021-11-04 22:22:57.212 Z,INTERVIEWER,false
56a6a321-5260-43f5-a183-3a38c3c0da10,79a81a50-3045-47b6-84ae-8cd2d981845e,2022-01-09 22:55:05.249 Z,INTERVIEWER,false
693da531-d4e1-45da-84b5-316f9334bf22,79a81a50-3045-47b6-84ae-8cd2d981845e,2023-12-11 19:16:38.921 Z,INTERVIEWER,true
e9cb40f2-d082-4071-8600-6f939924b59a,79a81a50-3045-47b6-84ae-8cd2d981845e,2021-11-04 22:16:39.267 Z,INTERVIEWER,false
0875953d-33d6-43f6-a1a7-7e6c0290d1dc,79a81a50-3045-47b6-84ae-8cd2d981845e,2022-01-31 13:48:12.525 Z,INTERVIEWER,false
5e1ed6ed-4dfd-4090-ae8f-39405697a45f,79a81a50-3045-47b6-84ae-8cd2d981845e,2022-02-02 14:30:57.602 Z,INTERVIEWER,false
094ce2ef-d8b9-4d15-9d41-0ee589979bd1,79a81a50-3045-47b6-84ae-8cd2d981845e,2021-10-14 23:45:40.979 Z,INTERVIEWER,false
da00c8dd-89ac-4165-abb9-d20b92998e53,79a81a50-3045-47b6-84ae-8cd2d981845e,2021-10-14 23:45:40.528 Z,INTERVIEWER,false
a4d3f1d7-8acf-4138-90d0-df46b4da6700,79a81a50-3045-47b6-84ae-8cd2d981845e,2021-10-14 23:22:54.735 Z,INTERVIEWER,false
78dcfb67-8756-409c-bce5-8d08a91fbcba,79a81a50-3045-47b6-84ae-8cd2d981845e,2022-03-22 14:42:49.415 Z,INTERVIEWER,false
38808deb-8da0-498b-927e-f3d7122dfd59,79a81a50-3045-47b6-84ae-8cd2d981845e,2023-04-17 16:28:07.344 Z,INTERVIEWER,false
86af72d6-4df2-48f7-87d8-c7eb92d30436,79a81a50-3045-47b6-84ae-8cd2d981845e,2021-10-28 23:45:07.751 Z,INTERVIEWER,false
9fdd3cf0-f17a-4294-bb06-dc2c0a8554e4,79a81a50-3045-47b6-84ae-8cd2d981845e,2021-10-14 23:45:40.334 Z,INTERVIEWER,false
2e022ebb-dec6-4157-bb6e-70ee26f51671,79a81a50-3045-47b6-84ae-8cd2d981845e,2021-10-14 23:45:41.087 Z,INTERVIEWER,false
0d43ee01-6b14-4e56-95b1-b07126f93664,79a81a50-3045-47b6-84ae-8cd2d981845e,2022-04-18 17:15:43.454 Z,INTERVIEWER,false
9b8050c1-d8b2-4d37-ae34-7daf8080d734,79a81a50-3045-47b6-84ae-8cd2d981845e,2023-07-05 17:16:32.642 Z,INTERVIEWER,false
391f7de2-414a-4a54-8c9c-fab3173a859d,79a81a50-3045-47b6-84ae-8cd2d981845e,2021-10-14 23:45:38.781 Z,INTERVIEWER,false
297808fc-4e12-4e2b-92bd-5ab28000d663,79a81a50-3045-47b6-84ae-8cd2d981845e,2023-03-27 22:08:48.123 Z,INTERVIEWER,true
85c4e411-8e2e-497a-ba2b-23a7b63c4999,79a81a50-3045-47b6-84ae-8cd2d981845e,2023-10-23 16:48:32.265 Z,INTERVIEWER,true
c81c2087-60e0-4d18-a24f-568266a5b4ce,79a81a50-3045-47b6-84ae-8cd2d981845e,2023-03-09 17:39:23.809 Z,INTERVIEWER,true
727cc568-d666-45c6-b7a4-6c25a95c9ed5,79a81a50-3045-47b6-84ae-8cd2d981845e,2024-04-29 23:26:06.121 Z,INTERVIEWER,true
b1fb48d4-9104-4005-96c9-2564525a7d47,79a81a50-3045-47b6-84ae-8cd2d981845e,2022-07-25 17:26:48.241 Z,HIRING_TEAM_MEMBER,false
cb891f48-4e7c-4ac6-8930-cf9e3028e1c9,79a81a50-3045-47b6-84ae-8cd2d981845e,2021-12-21 00:45:54.960 Z,HIRING_TEAM_MEMBER,false
146f1757-e504-4d86-924c-6f4e4898fa91,79a81a50-3045-47b6-84ae-8cd2d981845e,2021-09-28 17:21:44.469 Z,ORGANIZATION_ADMIN,true
4f6ecce1-80a8-4226-80b8-171a1a56cd07,79a81a50-3045-47b6-84ae-8cd2d981845e,2021-10-14 23:45:39.530 Z,HIRING_TEAM_MEMBER,false
0cf456a7-f65d-413a-8604-6698e6d35dcc,79a81a50-3045-47b6-84ae-8cd2d981845e,2023-11-07 18:46:43.374 Z,INTERVIEWER,true
7c51338b-028e-485e-899c-aea0dcae0e00,79a81a50-3045-47b6-84ae-8cd2d981845e,2024-03-12 16:12:14.003 Z,INTERVIEWER,true
961640f0-ac0a-401a-88a0-ffc69a7c6fd8,79a81a50-3045-47b6-84ae-8cd2d981845e,2022-01-13 15:37:44.205 Z,INTERVIEWER,true
28cce19b-0e07-4267-a7c4-ec4edfc87708,79a81a50-3045-47b6-84ae-8cd2d981845e,2023-09-26 16:26:17.373 Z,INTERVIEWER,false
63cd05d0-46d4-4455-bacc-82efe5f30fa7,79a81a50-3045-47b6-84ae-8cd2d981845e,2022-06-27 19:09:44.121 Z,INTERVIEWER,true
88626848-bdc2-4016-8a34-57016a9643c7,79a81a50-3045-47b6-84ae-8cd2d981845e,2022-01-06 17:15:12.925 Z,HIRING_TEAM_MEMBER,true
c74d1c95-225a-49c1-bff8-b16b9b11571a,79a81a50-3045-47b6-84ae-8cd2d981845e,2024-02-21 18:00:51.494 Z,INTERVIEWER,true
453b1b30-35a4-4408-8c50-866e15c200cb,79a81a50-3045-47b6-84ae-8cd2d981845e,2022-05-11 17:13:26.266 Z,INTERVIEWER,true
4bc882c4-b3f2-4c6e-b0bf-bc855cca3b52,79a81a50-3045-47b6-84ae-8cd2d981845e,2023-06-07 21:53:50.642 Z,INTERVIEWER,true
fef7ca42-0548-431e-8865-facf3ea5281f,79a81a50-3045-47b6-84ae-8cd2d981845e,2021-10-14 23:45:40.189 Z,HIRING_TEAM_MEMBER,true
3c978907-cbd7-4464-906d-b8d871e8d7c2,79a81a50-3045-47b6-84ae-8cd2d981845e,2022-03-30 21:48:22.965 Z,INTERVIEWER,true
2e091fc6-3ee8-4953-8b78-1511fbe40a7a,79a81a50-3045-47b6-84ae-8cd2d981845e,2024-01-02 21:52:46.712 Z,INTERVIEWER,true
6413c26a-8f12-4a81-bbcd-02ca34ef010c,79a81a50-3045-47b6-84ae-8cd2d981845e,2024-02-08 18:57:59.221 Z,HIRING_TEAM_MEMBER,true
ac809e44-28af-4695-b964-257acb7f5337,79a81a50-3045-47b6-84ae-8cd2d981845e,2023-06-02 14:50:11.030 Z,INTERVIEWER,true
7a7fc2eb-8e2b-4cd1-819e-742fae4d146a,c0fc7bfc-5ffa-4fce-b3d8-d7d3067c3935,2024-05-30 22:05:45.977 Z,ORGANIZATION_ADMIN,true
3e9c641f-b7cc-454d-aeb9-6464003f0141,79a81a50-3045-47b6-84ae-8cd2d981845e,2022-07-25 17:26:48.167 Z,HIRING_TEAM_MEMBER,false
38242734-c520-4567-a50a-29d554beef49,79a81a50-3045-47b6-84ae-8cd2d981845e,2022-12-12 19:14:30.836 Z,INTERVIEWER,false
312e63c0-9305-4949-b4f9-08c0ce08965c,79a81a50-3045-47b6-84ae-8cd2d981845e,2021-10-15 12:45:54.385 Z,INTERVIEWER,false
7442dac7-71e2-4117-98ff-465803f18e3e,79a81a50-3045-47b6-84ae-8cd2d981845e,2022-07-11 20:51:29.345 Z,INTERVIEWER,false
56976b0c-1811-4c27-9ca2-4e150316a955,79a81a50-3045-47b6-84ae-8cd2d981845e,2022-02-23 18:41:30.581 Z,INTERVIEWER,false
e8697ec0-6b8c-45c4-aa87-3edb7571c952,79a81a50-3045-47b6-84ae-8cd2d981845e,2024-05-02 13:46:28.236 Z,EXTERNAL_RECRUITER,true
a38ba0ec-197c-4436-98bd-72049d57e461,79a81a50-3045-47b6-84ae-8cd2d981845e,2022-07-25 17:26:48.455 Z,INTERVIEWER,false
7c6f0c2b-a930-4bec-ac4a-cfec8aea184f,79a81a50-3045-47b6-84ae-8cd2d981845e,2023-08-01 17:26:23.354 Z,HIRING_TEAM_MEMBER,true
34f856c0-ed7d-4395-a117-54c3b1ab5414,79a81a50-3045-47b6-84ae-8cd2d981845e,2022-03-22 14:48:24.150 Z,INTERVIEWER,false
52169f40-7734-4db4-b8ec-419525ded9a7,79a81a50-3045-47b6-84ae-8cd2d981845e,2022-01-28 23:10:00.638 Z,INTERVIEWER,false
0326e788-5527-4f9d-afeb-f131faaae7bf,79a81a50-3045-47b6-84ae-8cd2d981845e,2022-03-16 16:50:37.719 Z,INTERVIEWER,false
93c7d84f-da4d-4ddf-b0ea-38005ae7ec67,79a81a50-3045-47b6-84ae-8cd2d981845e,2021-11-12 15:09:01.047 Z,INTERVIEWER,false
3f22cd36-fd8f-44c4-8b7e-cadd41e4f3e2,79a81a50-3045-47b6-84ae-8cd2d981845e,2021-11-04 22:29:27.549 Z,INTERVIEWER,false
ea1630a3-a118-4349-b2e3-b9a55fbe61bd,79a81a50-3045-47b6-84ae-8cd2d981845e,2023-10-04 15:45:49.460 Z,INTERVIEWER,true
a520098c-c33a-421a-b7bb-c2343a42e034,79a81a50-3045-47b6-84ae-8cd2d981845e,2024-07-21 20:17:09.067 Z,INTERVIEWER,true
0b887106-6c10-485a-b6f7-61173f601c1a,79a81a50-3045-47b6-84ae-8cd2d981845e,2023-01-26 20:46:58.810 Z,HIRING_TEAM_MEMBER,true
800342da-7051-4640-b67e-a604520059d7,79a81a50-3045-47b6-84ae-8cd2d981845e,2022-06-03 17:47:29.828 Z,HIRING_TEAM_MEMBER,true
ca22c40f-7abb-43bd-a046-52765275f898,79a81a50-3045-47b6-84ae-8cd2d981845e,2022-06-27 19:09:43.948 Z,HIRING_TEAM_MEMBER,true
351dd4cd-5efb-4b64-9d4d-61cecfc08cac,79a81a50-3045-47b6-84ae-8cd2d981845e,2022-05-06 18:27:33.170 Z,HIRING_TEAM_MEMBER,true
f192f4f7-2933-474b-b621-47981ac85fb7,79a81a50-3045-47b6-84ae-8cd2d981845e,2023-11-03 00:26:11.228 Z,HIRING_TEAM_MEMBER,true
74a91378-13d1-4368-a05e-da34116cdc99,79a81a50-3045-47b6-84ae-8cd2d981845e,2024-01-29 20:26:13.537 Z,INTERVIEWER,true
7778dc35-0477-4052-afa6-50a3aa37a589,79a81a50-3045-47b6-84ae-8cd2d981845e,2021-10-14 23:45:39.981 Z,INTERVIEWER,true
f531a00d-fe35-4977-b6f2-2a86ad5a0202,79a81a50-3045-47b6-84ae-8cd2d981845e,2022-02-11 22:06:51.018 Z,ORGANIZATION_ADMIN,true
2ad816d7-f2a8-455d-9f9f-7443e467502a,79a81a50-3045-47b6-84ae-8cd2d981845e,2022-12-08 16:16:09.978 Z,INTERVIEWER,false
02eae84f-a56f-449e-b232-cfbfe5c2c071,79a81a50-3045-47b6-84ae-8cd2d981845e,2024-04-05 22:15:54.759 Z,INTERVIEWER,true
59437c83-0907-4090-9654-677c96ede312,79a81a50-3045-47b6-84ae-8cd2d981845e,2022-05-11 21:56:07.352 Z,INTERVIEWER,true
def843a2-0714-4ff2-9937-e522a7e653cf,79a81a50-3045-47b6-84ae-8cd2d981845e,2024-06-27 16:55:26.047 Z,INTERVIEWER,true
586d9d9e-8278-4930-90af-7a5cf0bf70d0,79a81a50-3045-47b6-84ae-8cd2d981845e,2022-12-12 17:48:34.731 Z,INTERVIEWER,false
44537098-4cc8-423a-a017-ce28e210e219,79a81a50-3045-47b6-84ae-8cd2d981845e,2023-01-10 18:17:16.952 Z,INTERVIEWER,false
26f20a85-119c-4d0e-a043-a91cd73acef5,79a81a50-3045-47b6-84ae-8cd2d981845e,2024-06-10 15:50:03.315 Z,INTERVIEWER,true
bf4c6842-06e5-4d5a-bee5-8e58e2ebc216,79a81a50-3045-47b6-84ae-8cd2d981845e,2022-12-02 21:43:21.511 Z,INTERVIEWER,true
97e12563-1d27-4133-a63e-11114bf157e1,79a81a50-3045-47b6-84ae-8cd2d981845e,2021-11-12 14:50:51.185 Z,EXTERNAL_RECRUITER,true
689d22fc-036a-47aa-ade6-de879f41e57b,79a81a50-3045-47b6-84ae-8cd2d981845e,2021-10-14 23:45:38.686 Z,ORGANIZATION_ADMIN,true
6683226b-a32e-4227-b374-d6c2a05b5ecc,c0fc7bfc-5ffa-4fce-b3d8-d7d3067c3935,2024-04-22 22:54:30.788 Z,HIRING_TEAM_MEMBER,true
8d32504d-0a4a-4c65-a1c2-8bd2ce4ce856,79a81a50-3045-47b6-84ae-8cd2d981845e,2022-01-11 17:46:03.010 Z,INTERVIEWER,false
fa0b97a5-5f4b-433b-9237-a22e0547706f,79a81a50-3045-47b6-84ae-8cd2d981845e,2022-07-25 17:26:48.127 Z,HIRING_TEAM_MEMBER,true
981c19da-a847-41ea-b3c0-1bdfe114d52f,79a81a50-3045-47b6-84ae-8cd2d981845e,2022-05-13 19:26:53.519 Z,INTERVIEWER,true
b635ee26-06d6-4d69-b5a9-6141e978f3ad,79a81a50-3045-47b6-84ae-8cd2d981845e,2022-07-11 20:51:29.191 Z,INTERVIEWER,true
8f6c9648-4d5f-4470-bbfb-eeebdd052dfc,79a81a50-3045-47b6-84ae-8cd2d981845e,2022-03-22 16:47:56.159 Z,INTERVIEWER,true
6303b507-46ac-43b9-b708-d068aef3b2c7,79a81a50-3045-47b6-84ae-8cd2d981845e,2022-02-14 15:05:31.138 Z,INTERVIEWER,false
7ff129ff-aac8-45e9-a4dc-c8eb20a20143,79a81a50-3045-47b6-84ae-8cd2d981845e,2022-05-11 21:56:07.418 Z,INTERVIEWER,false
0f07b322-717a-42fe-b4ba-f396e8db079a,79a81a50-3045-47b6-84ae-8cd2d981845e,2022-04-26 14:26:17.267 Z,INTERVIEWER,false
bfb4737b-2057-4af9-8fdc-d2b244a858e9,79a81a50-3045-47b6-84ae-8cd2d981845e,2021-10-14 23:45:38.066 Z,HIRING_TEAM_MEMBER,false
2881a545-96a2-4e4b-b8bd-c8d07558407d,79a81a50-3045-47b6-84ae-8cd2d981845e,2023-10-11 18:55:42.327 Z,INTERVIEWER,true
409e595d-b48d-4fca-a0f4-2a0a1710bec7,79a81a50-3045-47b6-84ae-8cd2d981845e,2024-03-12 23:25:47.852 Z,INTERVIEWER,true
ed052efb-989e-4bc7-8eeb-e8d939d4864a,79a81a50-3045-47b6-84ae-8cd2d981845e,2022-03-07 20:55:19.619 Z,INTERVIEWER,false
fd20bfc3-6a33-4cbf-9f00-f3af28ae5db5,79a81a50-3045-47b6-84ae-8cd2d981845e,2024-01-22 22:40:04.811 Z,INTERVIEWER,true
85f209b0-f857-4d20-9d7b-71a4d1eb4f2d,79a81a50-3045-47b6-84ae-8cd2d981845e,2022-01-05 14:15:13.232 Z,INTERVIEWER,true
c05495b9-d8a8-43dc-ad67-6ed5b5089f0e,79a81a50-3045-47b6-84ae-8cd2d981845e,2021-10-14 23:45:40.857 Z,HIRING_TEAM_MEMBER,false
adc0cfa6-e2dd-4c71-8b12-44cad2600c8e,79a81a50-3045-47b6-84ae-8cd2d981845e,2023-02-08 19:28:54.708 Z,INTERVIEWER,true
b9dda180-588f-4960-b850-fda1cfece95c,79a81a50-3045-47b6-84ae-8cd2d981845e,2022-09-27 21:39:39.485 Z,INTERVIEWER,true
6148800d-af3a-4bde-9f86-13dcef6ee0a1,79a81a50-3045-47b6-84ae-8cd2d981845e,2023-05-31 16:26:05.131 Z,INTERVIEWER,false
8fe39374-8b9f-4365-b155-da3b185005b5,79a81a50-3045-47b6-84ae-8cd2d981845e,2023-12-21 20:15:33.825 Z,INTERVIEWER,true
3fee9647-e078-45a0-bd92-bcc0bcf2c104,79a81a50-3045-47b6-84ae-8cd2d981845e,2022-03-16 18:27:08.640 Z,ORGANIZATION_ADMIN,true
9e505fbd-0b53-4e4f-b2f4-b08d015889c2,79a81a50-3045-47b6-84ae-8cd2d981845e,2022-03-12 19:55:18.006 Z,INTERVIEWER,true
fabeea34-6546-436a-ba8c-3b7cf2b1ff53,79a81a50-3045-47b6-84ae-8cd2d981845e,2021-12-13 19:25:33.986 Z,INTERVIEWER,true
0d0b5b98-895d-4d0a-ad9c-fcc53205e5fd,79a81a50-3045-47b6-84ae-8cd2d981845e,2021-10-14 23:45:40.690 Z,HIRING_TEAM_MEMBER,true
8d56c387-ea61-406e-9358-52bc5fd0149f,79a81a50-3045-47b6-84ae-8cd2d981845e,2022-10-30 20:41:17.577 Z,INTERVIEWER,false
a55a4d01-a014-4fd2-b4e9-17db8fa3c894,79a81a50-3045-47b6-84ae-8cd2d981845e,2022-07-22 12:15:14.228 Z,INTERVIEWER,false
70977de3-cd9d-4322-89ab-44e6e7c412c5,79a81a50-3045-47b6-84ae-8cd2d981845e,2024-04-18 19:33:14.546 Z,INTERVIEWER,false
abde84aa-3708-4684-9af7-828d8cfcdfca,79a81a50-3045-47b6-84ae-8cd2d981845e,2023-02-07 19:08:15.587 Z,ORGANIZATION_ADMIN,true
3bc57063-83f6-443b-a936-41663dfa7fd6,79a81a50-3045-47b6-84ae-8cd2d981845e,2022-02-04 03:47:37.180 Z,INTERVIEWER,false
af21291e-fb0e-49af-aa13-2999927e51b0,79a81a50-3045-47b6-84ae-8cd2d981845e,2021-12-03 19:25:17.315 Z,INTERVIEWER,false
8f933662-ca1e-4b08-9035-ce6cbe3ca5f6,79a81a50-3045-47b6-84ae-8cd2d981845e,2021-10-14 23:45:38.481 Z,HIRING_TEAM_MEMBER,false
243414db-087d-44a1-87eb-a56f1617b7fa,79a81a50-3045-47b6-84ae-8cd2d981845e,2022-01-27 16:27:24.515 Z,INTERVIEWER,false
260755c2-d88e-4d00-a6d6-f13787541a05,79a81a50-3045-47b6-84ae-8cd2d981845e,2023-01-26 20:46:57.820 Z,INTERVIEWER,true
4f54c1de-8679-451a-8027-9ba2a85ee3df,79a81a50-3045-47b6-84ae-8cd2d981845e,2024-01-09 20:15:28.842 Z,INTERVIEWER,true
6b3b6c75-8f15-4330-b005-a2d475942b87,79a81a50-3045-47b6-84ae-8cd2d981845e,2022-07-21 18:02:00.006 Z,INTERVIEWER,true
bd16759b-1e04-4af0-861f-87dde908990e,79a81a50-3045-47b6-84ae-8cd2d981845e,2024-01-19 14:06:44.954 Z,EXTERNAL_RECRUITER,true
4115c3aa-6cb6-45b8-8579-9a029fdafdac,79a81a50-3045-47b6-84ae-8cd2d981845e,2023-11-10 22:04:55.590 Z,EXTERNAL_RECRUITER,true
c2642f09-6fbf-435c-9951-a9eed79fc171,79a81a50-3045-47b6-84ae-8cd2d981845e,2023-11-10 22:01:00.601 Z,EXTERNAL_RECRUITER,true
21927fdd-0abc-45e1-8be0-108c98629c8b,79a81a50-3045-47b6-84ae-8cd2d981845e,2024-02-06 19:44:11.802 Z,INTERVIEWER,false
2783a43c-67d2-457b-9812-2c2462cfd6d5,79a81a50-3045-47b6-84ae-8cd2d981845e,2022-01-06 17:45:57.412 Z,HIRING_TEAM_MEMBER,true
5b6a5090-c318-44a0-8ba2-cfc25ae21f89,79a81a50-3045-47b6-84ae-8cd2d981845e,2022-03-05 15:15:18.568 Z,INTERVIEWER,true
198ce34d-7a83-4d48-8b19-96a5260b1c30,79a81a50-3045-47b6-84ae-8cd2d981845e,2022-01-31 13:47:18.638 Z,INTERVIEWER,false
da253105-c253-44e5-990b-04f0fff11dac,79a81a50-3045-47b6-84ae-8cd2d981845e,2022-07-26 16:35:27.181 Z,INTERVIEWER,false
3ccf8548-25b1-4b45-8778-2d439ad32fd1,79a81a50-3045-47b6-84ae-8cd2d981845e,2023-07-13 18:05:33.737 Z,INTERVIEWER,false
1ae76bb0-d4aa-4e7c-bfd7-02117474a865,79a81a50-3045-47b6-84ae-8cd2d981845e,2023-05-09 17:37:57.515 Z,INTERVIEWER,true
203bfbd5-861c-4b84-a333-5804c79b8db4,79a81a50-3045-47b6-84ae-8cd2d981845e,2022-01-31 14:15:25.001 Z,INTERVIEWER,true
ebe4fd4b-502e-4419-8de3-75051a26b83a,79a81a50-3045-47b6-84ae-8cd2d981845e,2022-08-08 16:43:59.711 Z,INTERVIEWER,false
d07f4e46-c8c2-4726-abcb-b201056fde64,79a81a50-3045-47b6-84ae-8cd2d981845e,2022-03-22 14:48:24.228 Z,INTERVIEWER,true
6249b3ac-6af3-4748-9d0a-aecacc2ec153,79a81a50-3045-47b6-84ae-8cd2d981845e,2022-03-18 23:55:18.806 Z,HIRING_TEAM_MEMBER,true
1ce1b969-12df-427c-b432-61adb92b239d,79a81a50-3045-47b6-84ae-8cd2d981845e,2023-03-09 17:39:23.417 Z,INTERVIEWER,false
e2f5b850-0341-4f77-a32a-f356f7582062,79a81a50-3045-47b6-84ae-8cd2d981845e,2022-11-02 18:12:58.070 Z,INTERVIEWER,false
d9e4d87b-4a92-4dcb-853b-1b81cf9a338d,79a81a50-3045-47b6-84ae-8cd2d981845e,2023-06-12 19:49:10.481 Z,HIRING_TEAM_MEMBER,true
7fc6f679-5ed3-48b2-9c7f-e65398fd999c,79a81a50-3045-47b6-84ae-8cd2d981845e,2021-09-28 17:24:50.265 Z,ORGANIZATION_ADMIN,true
81f39b80-c48a-4444-95ba-b1c7aab7f8da,79a81a50-3045-47b6-84ae-8cd2d981845e,2021-11-19 17:56:08.593 Z,INTERVIEWER,false
c5ee0d30-888b-4349-82c2-a22a7f488f25,79a81a50-3045-47b6-84ae-8cd2d981845e,2024-06-19 16:05:42.752 Z,INTERVIEWER,true
9e96c33a-a138-422d-b95a-e4f55cd8797e,c0fc7bfc-5ffa-4fce-b3d8-d7d3067c3935,2024-02-06 23:54:32.915 Z,HIRING_TEAM_MEMBER,true
3d3d5a6b-8270-4117-9f05-7e3d58eb45d7,79a81a50-3045-47b6-84ae-8cd2d981845e,2023-02-16 17:38:06.018 Z,INTERVIEWER,false
c2ee4c72-6a4d-4b05-9b02-6ae6f5042908,79a81a50-3045-47b6-84ae-8cd2d981845e,2023-08-30 22:55:29.244 Z,HIRING_TEAM_MEMBER,true
7d823b0a-3491-4409-978b-67496deccb5e,79a81a50-3045-47b6-84ae-8cd2d981845e,2022-11-15 18:13:39.747 Z,INTERVIEWER,true
fbacd059-9302-4911-903b-e1a06a0e8650,79a81a50-3045-47b6-84ae-8cd2d981845e,2022-09-23 16:06:08.952 Z,HIRING_TEAM_MEMBER,true
de851589-9331-43a7-a6e0-655c4efb138b,79a81a50-3045-47b6-84ae-8cd2d981845e,2022-03-07 18:24:54.658 Z,INTERVIEWER,false
676cd1fe-caae-4a12-8d67-556697ffec8b,79a81a50-3045-47b6-84ae-8cd2d981845e,2021-11-01 18:35:10.514 Z,INTERVIEWER,false
5b8ee51b-5dcb-46ca-ad01-6ff3c2c448c8,79a81a50-3045-47b6-84ae-8cd2d981845e,2022-07-28 17:21:54.601 Z,INTERVIEWER,false
e7e711cf-6f08-4765-a721-f1774d23bc47,79a81a50-3045-47b6-84ae-8cd2d981845e,2024-04-05 23:05:45.577 Z,INTERVIEWER,true
75de711d-125a-49db-bada-90bf6a4ed7b8,79a81a50-3045-47b6-84ae-8cd2d981845e,2021-12-14 17:38:23.355 Z,INTERVIEWER,false
623ffa3f-d8e7-42cd-aebf-d9ad771a376e,79a81a50-3045-47b6-84ae-8cd2d981845e,2023-03-27 22:08:47.375 Z,HIRING_TEAM_MEMBER,true
5f4d6684-3b0c-481a-9a58-1a8322e1bad8,79a81a50-3045-47b6-84ae-8cd2d981845e,2022-02-07 16:56:54.271 Z,HIRING_TEAM_MEMBER,true
c9e2ef53-98d9-47fa-bcaf-8ce322c2a2da,79a81a50-3045-47b6-84ae-8cd2d981845e,2022-03-18 23:55:18.777 Z,INTERVIEWER,false
c3349926-6665-4eb8-85fd-c49936f95a68,79a81a50-3045-47b6-84ae-8cd2d981845e,2021-10-14 23:24:03.742 Z,HIRING_TEAM_MEMBER,true
7d4324e1-cfab-450d-80e9-685961ca5524,79a81a50-3045-47b6-84ae-8cd2d981845e,2021-10-14 23:45:40.434 Z,INTERVIEWER,false
88a71ad9-2b4f-4b00-9d84-92c6ba59ea76,79a81a50-3045-47b6-84ae-8cd2d981845e,2021-11-06 18:25:03.872 Z,HIRING_TEAM_MEMBER,true
b72a62ea-c90b-4c9d-8458-741520be15ae,79a81a50-3045-47b6-84ae-8cd2d981845e,2022-04-07 02:55:21.774 Z,INTERVIEWER,true
555f8625-9bce-4c52-901d-e967263c9d0c,79a81a50-3045-47b6-84ae-8cd2d981845e,2022-04-26 14:26:17.372 Z,INTERVIEWER,true
ea9d989b-f9c4-405a-9c9c-e7ea08ceb504,79a81a50-3045-47b6-84ae-8cd2d981845e,2022-03-22 14:42:49.462 Z,INTERVIEWER,true
0480a856-e254-47c7-aec2-5e9e5eb86aad,79a81a50-3045-47b6-84ae-8cd2d981845e,2022-01-06 18:05:07.596 Z,INTERVIEWER,true
813b470a-01d0-4a92-8920-28356a761910,79a81a50-3045-47b6-84ae-8cd2d981845e,2022-04-18 19:44:01.293 Z,INTERVIEWER,true
df05b7e1-5840-4e3c-8fd2-ed2d9779478a,79a81a50-3045-47b6-84ae-8cd2d981845e,2021-10-14 23:45:39.695 Z,INTERVIEWER,true
94d56152-7628-4f8b-8594-3eb61f4dff75,79a81a50-3045-47b6-84ae-8cd2d981845e,2022-06-17 18:27:24.096 Z,HIRING_TEAM_MEMBER,true
3fe3cd95-4958-4468-8843-a97e20c06778,79a81a50-3045-47b6-84ae-8cd2d981845e,2022-01-12 23:45:39.758 Z,INTERVIEWER,false
45a063eb-c7e5-4dfc-bfc8-b98cfc00935a,c0fc7bfc-5ffa-4fce-b3d8-d7d3067c3935,2024-02-06 23:54:32.915 Z,ORGANIZATION_ADMIN,true
ef02f341-6872-436a-bd98-ccaf0b3b006b,79a81a50-3045-47b6-84ae-8cd2d981845e,2022-03-31 12:39:22.992 Z,HIRING_TEAM_MEMBER,true
83d8c670-2615-41d6-b254-64e315271c3f,79a81a50-3045-47b6-84ae-8cd2d981845e,2021-10-14 23:45:40.779 Z,INTERVIEWER,false
74d4c717-b4dc-4134-bcfb-482953aa6b5b,79a81a50-3045-47b6-84ae-8cd2d981845e,2024-05-06 16:46:03.322 Z,INTERVIEWER,true
d5f1cd3d-c17b-40f4-ac9d-37edf5823402,79a81a50-3045-47b6-84ae-8cd2d981845e,2024-02-26 17:11:36.674 Z,INTERVIEWER,true
2dbb36f0-58e5-4d39-b2e4-97b8b1760bef,79a81a50-3045-47b6-84ae-8cd2d981845e,2022-11-01 19:41:32.692 Z,INTERVIEWER,false
fb6574f2-c64b-425c-904d-6630248e8412,79a81a50-3045-47b6-84ae-8cd2d981845e,2022-03-22 14:48:24.103 Z,HIRING_TEAM_MEMBER,true
18f3b1b6-9bc3-425d-82ce-3203f3376539,79a81a50-3045-47b6-84ae-8cd2d981845e,2024-01-25 21:05:30.657 Z,HIRING_TEAM_MEMBER,true
f2456423-bc21-418e-8c66-c74e00d951d9,c0fc7bfc-5ffa-4fce-b3d8-d7d3067c3935,2024-02-06 23:54:32.915 Z,INTERVIEWER,true
c09e7f96-696a-4c2f-a4f1-c195e3390db9,c0fc7bfc-5ffa-4fce-b3d8-d7d3067c3935,2024-02-06 23:54:32.915 Z,INTERVIEWER,true
edf19594-1f13-4568-af37-84209b2d3324,c0fc7bfc-5ffa-4fce-b3d8-d7d3067c3935,2024-02-06 23:54:32.915 Z,INTERVIEWER,true
d3afa07a-fffc-4c0b-9bfe-3f81d9cce381,c0fc7bfc-5ffa-4fce-b3d8-d7d3067c3935,2024-02-06 23:54:32.915 Z,INTERVIEWER,true
46e0a97e-5fda-4a44-a40f-0a6e17aa7adb,c0fc7bfc-5ffa-4fce-b3d8-d7d3067c3935,2024-02-06 23:54:32.915 Z,INTERVIEWER,true
fb8f252b-ba15-4a1e-a449-acb433c1f659,c0fc7bfc-5ffa-4fce-b3d8-d7d3067c3935,2024-02-06 23:54:32.915 Z,INTERVIEWER,true
74b96e07-0cc6-42f4-bb10-0145e4146fa2,c0fc7bfc-5ffa-4fce-b3d8-d7d3067c3935,2024-02-06 23:54:32.915 Z,INTERVIEWER,true
b5ee984e-158e-46eb-b8eb-9ae450017ccb,c0fc7bfc-5ffa-4fce-b3d8-d7d3067c3935,2024-02-06 23:54:32.915 Z,INTERVIEWER,true
a32e8852-f4e2-4e99-8194-b5903117f2b0,c0fc7bfc-5ffa-4fce-b3d8-d7d3067c3935,2024-02-06 23:54:32.915 Z,INTERVIEWER,true
7fc1bcd3-043d-4363-9b8c-2f416067a497,c0fc7bfc-5ffa-4fce-b3d8-d7d3067c3935,2024-02-06 23:54:32.915 Z,INTERVIEWER,true
418616ee-faec-48e3-9759-f4149003b57e,c0fc7bfc-5ffa-4fce-b3d8-d7d3067c3935,2024-02-06 23:54:32.915 Z,INTERVIEWER,true
debe00aa-6401-43db-b462-3081f8ea014c,c0fc7bfc-5ffa-4fce-b3d8-d7d3067c3935,2024-02-06 23:54:32.915 Z,INTERVIEWER,true
a6d4c20b-84ed-498f-b072-e454b7526172,c0fc7bfc-5ffa-4fce-b3d8-d7d3067c3935,2024-02-06 23:54:32.915 Z,INTERVIEWER,true
23e575f5-2d0b-41da-b710-2c72fd47a539,c0fc7bfc-5ffa-4fce-b3d8-d7d3067c3935,2024-02-06 23:54:32.915 Z,INTERVIEWER,true
d6b6b110-ff7a-42ef-8d79-734b67aac771,c0fc7bfc-5ffa-4fce-b3d8-d7d3067c3935,2024-02-06 23:54:32.915 Z,INTERVIEWER,true
6721e0ef-eb9e-40f8-af77-b8eb66843d27,c0fc7bfc-5ffa-4fce-b3d8-d7d3067c3935,2024-02-06 23:54:32.915 Z,INTERVIEWER,true
439d31f4-f658-4c8f-8d47-d8fc8fd2e5dc,c0fc7bfc-5ffa-4fce-b3d8-d7d3067c3935,2024-02-06 23:54:32.915 Z,INTERVIEWER,true
672e5dda-f774-4dd0-8c49-87d2a8714136,c0fc7bfc-5ffa-4fce-b3d8-d7d3067c3935,2024-02-06 23:54:32.915 Z,INTERVIEWER,true
70a01e24-1b1f-4eeb-9eb2-9ea4ee58d6bb,c0fc7bfc-5ffa-4fce-b3d8-d7d3067c3935,2024-02-06 23:54:32.915 Z,INTERVIEWER,true
ac177768-bf1a-4f7a-b6b1-e737f24ea9c6,c0fc7bfc-5ffa-4fce-b3d8-d7d3067c3935,2024-02-06 23:54:32.915 Z,INTERVIEWER,true
e2317a04-ce50-4a82-94be-eff7de0d2087,c0fc7bfc-5ffa-4fce-b3d8-d7d3067c3935,2024-02-06 23:54:32.915 Z,INTERVIEWER,true
30e369b7-34c3-4d0e-83eb-a65fa3355234,c0fc7bfc-5ffa-4fce-b3d8-d7d3067c3935,2024-02-06 23:54:32.915 Z,INTERVIEWER,true
1680e8ab-7bb5-4557-84fc-6c1cfafa2594,c0fc7bfc-5ffa-4fce-b3d8-d7d3067c3935,2024-02-06 23:54:32.915 Z,INTERVIEWER,true
d21737ed-aaa3-44d8-bfaf-4cec5b96bec7,c0fc7bfc-5ffa-4fce-b3d8-d7d3067c3935,2024-02-06 23:54:32.915 Z,INTERVIEWER,true
6048c9bd-4f5d-4cda-910f-105f25e3e8fb,c0fc7bfc-5ffa-4fce-b3d8-d7d3067c3935,2024-02-06 23:54:32.915 Z,INTERVIEWER,true
94e648cc-dee1-4b0f-8e15-0ea164a5e12c,c0fc7bfc-5ffa-4fce-b3d8-d7d3067c3935,2024-02-06 23:54:32.915 Z,INTERVIEWER,true
62565ba4-ca80-4726-b6fc-92188f9da75b,c0fc7bfc-5ffa-4fce-b3d8-d7d3067c3935,2024-02-06 23:54:32.915 Z,INTERVIEWER,true
eda9560f-04af-4537-94c7-2ecc377793cb,c0fc7bfc-5ffa-4fce-b3d8-d7d3067c3935,2024-02-06 23:54:32.915 Z,INTERVIEWER,true
98de9554-5cb5-49f8-aa90-e526555d929e,c0fc7bfc-5ffa-4fce-b3d8-d7d3067c3935,2024-02-06 23:54:32.915 Z,INTERVIEWER,true
8aba39bb-929a-4b47-adcb-10776a7cec99,c0fc7bfc-5ffa-4fce-b3d8-d7d3067c3935,2024-02-06 23:54:32.915 Z,INTERVIEWER,true
22a30595-7388-4254-8f1a-b905b9e81404,c0fc7bfc-5ffa-4fce-b3d8-d7d3067c3935,2024-02-06 23:54:32.915 Z,INTERVIEWER,true
cd370a83-930e-495c-bfcc-8f7267e8728e,c0fc7bfc-5ffa-4fce-b3d8-d7d3067c3935,2024-02-06 23:54:32.915 Z,INTERVIEWER,true
8e301a5b-042d-41a7-bf58-6aa9edd3ee43,c0fc7bfc-5ffa-4fce-b3d8-d7d3067c3935,2024-02-06 23:54:32.915 Z,INTERVIEWER,true
c70cca04-102e-49b5-8464-bc039c84722d,c0fc7bfc-5ffa-4fce-b3d8-d7d3067c3935,2024-02-06 23:54:32.915 Z,INTERVIEWER,true
4a8030d3-16e2-4af1-87c5-bf9c1eb168fb,c0fc7bfc-5ffa-4fce-b3d8-d7d3067c3935,2024-02-06 23:54:32.915 Z,INTERVIEWER,true
4f413f71-b9d6-4981-8504-1e8416fcc4ce,c0fc7bfc-5ffa-4fce-b3d8-d7d3067c3935,2024-02-06 23:54:32.915 Z,INTERVIEWER,true
aaea1d1e-7d69-4db4-ba4f-256c9fae1898,c0fc7bfc-5ffa-4fce-b3d8-d7d3067c3935,2024-02-06 23:54:32.915 Z,INTERVIEWER,true
eec0a95b-e4c8-4c5f-a532-2e6ed46540d3,c0fc7bfc-5ffa-4fce-b3d8-d7d3067c3935,2024-02-06 23:54:32.915 Z,INTERVIEWER,true
78de04a5-2ab2-4232-8b51-19d24a3d53f0,c0fc7bfc-5ffa-4fce-b3d8-d7d3067c3935,2024-02-06 23:54:32.915 Z,INTERVIEWER,true
4045ce14-3df3-4eb1-9e7f-45aea3cb1f85,c0fc7bfc-5ffa-4fce-b3d8-d7d3067c3935,2024-02-06 23:54:32.915 Z,INTERVIEWER,true
fc1b66d0-a62d-4a0d-8682-c721e0748cec,c0fc7bfc-5ffa-4fce-b3d8-d7d3067c3935,2024-02-06 23:54:32.915 Z,INTERVIEWER,true
26d9f5e5-8e43-400b-b759-39552a79c68d,c0fc7bfc-5ffa-4fce-b3d8-d7d3067c3935,2024-02-06 23:54:32.915 Z,INTERVIEWER,true
83d4810c-32ce-4e06-8567-f6220c26be93,c0fc7bfc-5ffa-4fce-b3d8-d7d3067c3935,2024-02-06 23:54:32.915 Z,INTERVIEWER,true
7693f0ae-aabe-4a31-ba83-0c089041a34d,c0fc7bfc-5ffa-4fce-b3d8-d7d3067c3935,2024-02-06 23:54:32.915 Z,INTERVIEWER,true
dbcb8eac-16f9-42c5-be52-5210cd2edc4e,c0fc7bfc-5ffa-4fce-b3d8-d7d3067c3935,2024-02-06 23:54:32.915 Z,INTERVIEWER,true
ce709146-4e78-41dc-b5d8-1c4ebd292765,c0fc7bfc-5ffa-4fce-b3d8-d7d3067c3935,2024-02-06 23:54:32.915 Z,INTERVIEWER,true
0e44049d-e788-4223-8cb4-f5e69c2da2d4,c0fc7bfc-5ffa-4fce-b3d8-d7d3067c3935,2024-02-06 23:54:32.915 Z,INTERVIEWER,true
4a46877f-8af0-4bf3-a179-242910359433,c0fc7bfc-5ffa-4fce-b3d8-d7d3067c3935,2024-02-06 23:54:32.915 Z,INTERVIEWER,true
54d3f829-8d37-4a2d-9654-9c7fb7a4a252,c0fc7bfc-5ffa-4fce-b3d8-d7d3067c3935,2024-02-06 23:54:32.915 Z,INTERVIEWER,true
cbdaac82-6107-4bb6-b405-23866678d976,79a81a50-3045-47b6-84ae-8cd2d981845e,2023-04-18 21:17:12.784 Z,INTERVIEWER,false
e421d191-56e5-4b84-9fe0-845604918375,79a81a50-3045-47b6-84ae-8cd2d981845e,2021-10-14 23:45:40.596 Z,ORGANIZATION_ADMIN,true
783e7d96-4048-44ab-a3de-321ab5c07756,79a81a50-3045-47b6-84ae-8cd2d981845e,2022-12-12 17:48:09.300 Z,INTERVIEWER,false
bb6adc6a-148b-4af0-85c7-97bf8973f0d3,79a81a50-3045-47b6-84ae-8cd2d981845e,2022-12-12 17:47:11.080 Z,INTERVIEWER,false
965b5074-e1c6-4f0d-94b0-9695e5509faf,79a81a50-3045-47b6-84ae-8cd2d981845e,2021-11-12 14:51:44.376 Z,INTERVIEWER,false
83b29b7c-6b07-41d3-8219-f851f73d5c09,79a81a50-3045-47b6-84ae-8cd2d981845e,2022-02-23 18:42:34.205 Z,INTERVIEWER,false
3920c8de-4290-4ea0-a049-b8ac56c968ec,79a81a50-3045-47b6-84ae-8cd2d981845e,2021-12-06 19:05:28.571 Z,INTERVIEWER,true
519db961-c00a-44ad-8596-d1ea125dba82,79a81a50-3045-47b6-84ae-8cd2d981845e,2021-12-15 06:15:05.828 Z,INTERVIEWER,false
95a582fb-2b54-4d1a-abd6-796d9b85c3ac,79a81a50-3045-47b6-84ae-8cd2d981845e,2022-02-12 15:37:14.895 Z,INTERVIEWER,false
015bafa2-442f-4fbe-a704-d8ea90a9480c,c0fc7bfc-5ffa-4fce-b3d8-d7d3067c3935,2024-02-06 23:54:32.915 Z,HIRING_TEAM_MEMBER,true
687340d6-6e5d-4eae-9f5d-8356f6a99302,79a81a50-3045-47b6-84ae-8cd2d981845e,2023-08-10 17:26:03.272 Z,HIRING_TEAM_MEMBER,true
6a83a93e-007f-4e45-b9d4-53716c9dc2d5,79a81a50-3045-47b6-84ae-8cd2d981845e,2022-03-22 14:42:49.380 Z,INTERVIEWER,false
9363a789-47f1-47d7-9a6b-3e80aa0fc8ed,79a81a50-3045-47b6-84ae-8cd2d981845e,2021-12-14 04:25:26.467 Z,HIRING_TEAM_MEMBER,true
5dd8f0ae-4a3f-4558-8940-a932fbca9aa1,79a81a50-3045-47b6-84ae-8cd2d981845e,2022-04-04 13:26:56.757 Z,INTERVIEWER,true
20ccb668-5d0d-4bf6-9bba-d47f10a3a56d,79a81a50-3045-47b6-84ae-8cd2d981845e,2024-07-29 16:25:40.192 Z,INTERVIEWER,true
3962cb1f-bead-4138-a038-c065b890330d,c0fc7bfc-5ffa-4fce-b3d8-d7d3067c3935,2024-02-06 23:54:32.296 Z,ORGANIZATION_ADMIN,true
3de82402-97c4-4eb9-934d-10a19d7d90b5,79a81a50-3045-47b6-84ae-8cd2d981845e,2021-10-21 20:15:35.364 Z,INTERVIEWER,false
37567d8f-1ea6-4c62-9fbc-67ff007f1145,79a81a50-3045-47b6-84ae-8cd2d981845e,2022-03-22 14:42:49.522 Z,HIRING_TEAM_MEMBER,true
3b5b47cd-9326-4e64-a7b6-4b8493d900d1,79a81a50-3045-47b6-84ae-8cd2d981845e,2021-10-14 23:45:39.144 Z,INTERVIEWER,false
f3482122-ea27-4d0f-94bc-ff30cb82abda,79a81a50-3045-47b6-84ae-8cd2d981845e,2022-03-15 11:55:21.838 Z,INTERVIEWER,false
69bab898-1140-4485-9b6d-feae25f6f752,79a81a50-3045-47b6-84ae-8cd2d981845e,2022-01-28 15:49:38.701 Z,INTERVIEWER,false
6aed2ca9-f7fd-40ba-ae62-a3bf98289341,79a81a50-3045-47b6-84ae-8cd2d981845e,2024-03-27 22:15:45.607 Z,INTERVIEWER,true
f232fd17-96cf-4317-9c70-617a1086cfbd,79a81a50-3045-47b6-84ae-8cd2d981845e,2023-02-28 18:15:21.288 Z,INTERVIEWER,false
44f64754-c7af-45ee-83ef-d4bdb5783121,79a81a50-3045-47b6-84ae-8cd2d981845e,2023-11-27 15:43:53.872 Z,INTERVIEWER,false
2f9d0f09-bb6d-4c70-a36e-ce7194fbbf46,79a81a50-3045-47b6-84ae-8cd2d981845e,2022-01-08 22:47:12.552 Z,HIRING_TEAM_MEMBER,false
59ad5586-2807-4736-af69-8993ab61dda5,79a81a50-3045-47b6-84ae-8cd2d981845e,2022-12-19 22:24:17.920 Z,INTERVIEWER,false
f4e1d448-fb75-4e8a-8791-686f526bf900,79a81a50-3045-47b6-84ae-8cd2d981845e,2023-01-26 20:46:58.197 Z,HIRING_TEAM_MEMBER,true
c20b70e6-9b4c-452a-9dab-655bdb795244,79a81a50-3045-47b6-84ae-8cd2d981845e,2024-05-07 18:32:40.396 Z,INTERVIEWER,true
949cf049-0df0-42d0-a0f8-cf2f20e0888a,79a81a50-3045-47b6-84ae-8cd2d981845e,2023-03-03 17:54:54.220 Z,INTERVIEWER,false
d55b293f-46ad-4ae9-86cd-ec16d5d08d9d,79a81a50-3045-47b6-84ae-8cd2d981845e,2024-05-09 19:52:39.742 Z,INTERVIEWER,true
a2b2890f-1a8a-4a00-af8e-94534ccbecf8,79a81a50-3045-47b6-84ae-8cd2d981845e,2022-05-11 21:56:07.451 Z,INTERVIEWER,false
063d1f0b-efb5-4e82-a692-8cb8e9120b64,c0fc7bfc-5ffa-4fce-b3d8-d7d3067c3935,2024-02-06 23:54:32.915 Z,INTERVIEWER,true
c6cf8edc-a3c4-4b48-a474-bc10078db54c,c0fc7bfc-5ffa-4fce-b3d8-d7d3067c3935,2024-02-06 23:54:32.915 Z,INTERVIEWER,true
6d056506-786b-4c64-b13c-b667e5c6dd57,c0fc7bfc-5ffa-4fce-b3d8-d7d3067c3935,2024-02-06 23:54:32.915 Z,INTERVIEWER,true
7f19dc2e-6114-463a-a525-004f88a4648a,c0fc7bfc-5ffa-4fce-b3d8-d7d3067c3935,2024-02-06 23:54:32.915 Z,INTERVIEWER,true
5f83cefc-95c9-4255-a959-3fea272beebc,c0fc7bfc-5ffa-4fce-b3d8-d7d3067c3935,2024-02-06 23:54:32.915 Z,INTERVIEWER,true
4b9f87e0-6847-469d-a5c1-3e42a11a1e40,c0fc7bfc-5ffa-4fce-b3d8-d7d3067c3935,2024-02-06 23:54:32.915 Z,INTERVIEWER,true
2e2a4583-b9f4-49ec-8bd8-e5bab05ea09f,c0fc7bfc-5ffa-4fce-b3d8-d7d3067c3935,2024-02-06 23:54:32.915 Z,INTERVIEWER,true
ccb7c068-918c-4b2b-992d-1138f51d657b,c0fc7bfc-5ffa-4fce-b3d8-d7d3067c3935,2024-02-06 23:54:32.915 Z,INTERVIEWER,true
a2116753-4d29-4341-8e44-e9961c6def53,c0fc7bfc-5ffa-4fce-b3d8-d7d3067c3935,2024-02-06 23:54:32.915 Z,INTERVIEWER,true
ea573366-9091-45fa-8bb0-36b7f6c7ef9c,c0fc7bfc-5ffa-4fce-b3d8-d7d3067c3935,2024-02-06 23:54:32.915 Z,INTERVIEWER,true
2f50b9e4-3077-46f2-b695-0f347ba9e299,c0fc7bfc-5ffa-4fce-b3d8-d7d3067c3935,2024-02-06 23:54:32.915 Z,INTERVIEWER,true
cc6c35a5-a406-4017-8c2d-005ab241db81,c0fc7bfc-5ffa-4fce-b3d8-d7d3067c3935,2024-02-06 23:54:32.915 Z,INTERVIEWER,true
1d22ba17-1ef9-40b3-a0d6-a772c0a38894,c0fc7bfc-5ffa-4fce-b3d8-d7d3067c3935,2024-02-06 23:54:32.915 Z,INTERVIEWER,true
02fc06f5-dc12-4344-b205-0e177732a1f5,c0fc7bfc-5ffa-4fce-b3d8-d7d3067c3935,2024-02-06 23:54:32.915 Z,INTERVIEWER,true
9d5b9c4c-6acf-4c5b-95e2-29fd751aa2a3,c0fc7bfc-5ffa-4fce-b3d8-d7d3067c3935,2024-02-06 23:54:32.915 Z,INTERVIEWER,true
22fe5143-1d7c-4403-a8fb-0e5780124caa,c0fc7bfc-5ffa-4fce-b3d8-d7d3067c3935,2024-02-06 23:54:32.915 Z,INTERVIEWER,true
3e667b89-41e8-471f-be7f-e7a7e0fd08a1,c0fc7bfc-5ffa-4fce-b3d8-d7d3067c3935,2024-02-06 23:54:32.915 Z,INTERVIEWER,true
3d9025f5-9061-48b1-9cfc-5fcf68398ed3,c0fc7bfc-5ffa-4fce-b3d8-d7d3067c3935,2024-02-06 23:54:32.915 Z,INTERVIEWER,true
94ce5c6c-7f0d-4e68-87f5-f8e46c22b3fd,c0fc7bfc-5ffa-4fce-b3d8-d7d3067c3935,2024-02-06 23:54:32.915 Z,INTERVIEWER,true
9097d838-27e2-4b71-861b-3807fe04d7d0,c0fc7bfc-5ffa-4fce-b3d8-d7d3067c3935,2024-02-06 23:54:32.915 Z,INTERVIEWER,true
eb1cd22e-de5e-47b0-a58f-e14204fa26bf,c0fc7bfc-5ffa-4fce-b3d8-d7d3067c3935,2024-02-06 23:54:32.915 Z,INTERVIEWER,true
3e00719d-3621-4425-8577-689469aae70e,c0fc7bfc-5ffa-4fce-b3d8-d7d3067c3935,2024-02-06 23:54:32.915 Z,INTERVIEWER,true
d9db0eac-29a5-4f92-ad11-c8a20022807b,c0fc7bfc-5ffa-4fce-b3d8-d7d3067c3935,2024-02-06 23:54:32.915 Z,INTERVIEWER,true
6fc44fca-28f9-4c70-9ebc-22c5f82b8b23,c0fc7bfc-5ffa-4fce-b3d8-d7d3067c3935,2024-02-06 23:54:32.915 Z,INTERVIEWER,true
cdea2279-3fcf-4445-8db2-d57d93336aaf,c0fc7bfc-5ffa-4fce-b3d8-d7d3067c3935,2024-02-06 23:54:32.915 Z,INTERVIEWER,true
a33ddaff-c1bb-46b2-87ff-ef5c9588d433,c0fc7bfc-5ffa-4fce-b3d8-d7d3067c3935,2024-02-06 23:54:32.915 Z,INTERVIEWER,true
8c8a80a8-a5f1-4eaa-bd6e-0c5d32caa98a,c0fc7bfc-5ffa-4fce-b3d8-d7d3067c3935,2024-02-06 23:54:32.915 Z,INTERVIEWER,true
e1fa1184-2774-47d2-b2f5-7c795fd37bdf,c0fc7bfc-5ffa-4fce-b3d8-d7d3067c3935,2024-02-06 23:54:32.915 Z,INTERVIEWER,true
f2a1611f-5aec-4365-854c-40d92dff4a65,c0fc7bfc-5ffa-4fce-b3d8-d7d3067c3935,2024-02-06 23:54:32.915 Z,INTERVIEWER,true
7afa8410-c0ac-4b01-bac5-433bb6ff5d22,c0fc7bfc-5ffa-4fce-b3d8-d7d3067c3935,2024-02-06 23:54:32.915 Z,INTERVIEWER,true
8bb07cb1-b2c3-4fd4-b5af-3ab20c215192,c0fc7bfc-5ffa-4fce-b3d8-d7d3067c3935,2024-02-06 23:54:32.915 Z,INTERVIEWER,true
660c001e-f43a-48db-9fff-3e262ffcbab5,c0fc7bfc-5ffa-4fce-b3d8-d7d3067c3935,2024-02-06 23:54:32.915 Z,INTERVIEWER,true
e9856572-25f6-4ab4-b551-bacfa257c930,c0fc7bfc-5ffa-4fce-b3d8-d7d3067c3935,2024-02-06 23:54:32.915 Z,INTERVIEWER,true
f8380ccf-0ddf-455e-8e1f-26cc715b8555,c0fc7bfc-5ffa-4fce-b3d8-d7d3067c3935,2024-02-06 23:54:32.915 Z,INTERVIEWER,true
485dfa19-c2ff-481b-be06-fdf3ab371842,c0fc7bfc-5ffa-4fce-b3d8-d7d3067c3935,2024-02-06 23:54:32.915 Z,INTERVIEWER,true
753b8e3a-0623-4d66-93af-ddc5d6393e64,c0fc7bfc-5ffa-4fce-b3d8-d7d3067c3935,2024-02-06 23:54:32.915 Z,INTERVIEWER,true
83e94bba-4651-46bc-9e19-859bd7d685e7,c0fc7bfc-5ffa-4fce-b3d8-d7d3067c3935,2024-02-06 23:54:32.915 Z,INTERVIEWER,true
1623af81-d39b-4ebe-a951-8ccde1a0d21d,c0fc7bfc-5ffa-4fce-b3d8-d7d3067c3935,2024-02-06 23:54:32.915 Z,INTERVIEWER,true
62f4a030-3350-4726-92c9-9866925a8c49,c0fc7bfc-5ffa-4fce-b3d8-d7d3067c3935,2024-02-06 23:54:32.915 Z,INTERVIEWER,true
f98c0e24-d805-492a-a6c5-e60474c3dfab,c0fc7bfc-5ffa-4fce-b3d8-d7d3067c3935,2024-02-06 23:54:32.915 Z,INTERVIEWER,true
4fb92ed3-5a09-4ece-9feb-6ed6a9329aca,c0fc7bfc-5ffa-4fce-b3d8-d7d3067c3935,2024-02-06 23:54:32.915 Z,INTERVIEWER,true
d058cdc0-7664-4816-8597-d40cc0894ee8,c0fc7bfc-5ffa-4fce-b3d8-d7d3067c3935,2024-02-06 23:54:32.915 Z,INTERVIEWER,true
94262ef0-5520-4b49-9bea-8c4a88749b20,c0fc7bfc-5ffa-4fce-b3d8-d7d3067c3935,2024-02-06 23:54:39.643 Z,HIRING_TEAM_MEMBER,true
bdcc3e05-8c2b-4b7d-9647-e82cc26b9f7e,c0fc7bfc-5ffa-4fce-b3d8-d7d3067c3935,2024-02-06 23:54:32.915 Z,INTERVIEWER,true
6604b69d-cf36-4924-8869-72d622785e93,c0fc7bfc-5ffa-4fce-b3d8-d7d3067c3935,2024-02-06 23:54:32.915 Z,INTERVIEWER,true
5808253e-cf6d-4d2e-b200-d1fe86da1775,c0fc7bfc-5ffa-4fce-b3d8-d7d3067c3935,2024-02-06 23:54:32.915 Z,INTERVIEWER,true
ce4b224a-51b3-4be3-a99e-f079837cdcd5,c0fc7bfc-5ffa-4fce-b3d8-d7d3067c3935,2024-02-06 23:54:32.915 Z,INTERVIEWER,true
b714def3-3cf7-4288-8e68-227941e71b1c,c0fc7bfc-5ffa-4fce-b3d8-d7d3067c3935,2024-02-06 23:54:32.915 Z,INTERVIEWER,true
f2665482-6614-4918-b4c2-37e296d3fa5c,c0fc7bfc-5ffa-4fce-b3d8-d7d3067c3935,2024-02-06 23:54:32.915 Z,INTERVIEWER,true
081e3048-a10e-4ad0-9a3b-5d9d74a6ca6d,c0fc7bfc-5ffa-4fce-b3d8-d7d3067c3935,2024-02-06 23:54:32.915 Z,INTERVIEWER,true
5213bbf0-0554-497b-abc5-1efd4680a5d6,c0fc7bfc-5ffa-4fce-b3d8-d7d3067c3935,2024-02-06 23:54:32.915 Z,INTERVIEWER,true
5566d719-7701-4073-8a35-16fbc827c915,c0fc7bfc-5ffa-4fce-b3d8-d7d3067c3935,2024-02-06 23:54:32.915 Z,INTERVIEWER,true
ce5331d5-10ac-4b9a-b198-2583f6c80b77,c0fc7bfc-5ffa-4fce-b3d8-d7d3067c3935,2024-02-06 23:54:32.915 Z,INTERVIEWER,true
bb02db5d-1738-4795-b353-d490d746c358,c0fc7bfc-5ffa-4fce-b3d8-d7d3067c3935,2024-02-06 23:54:32.915 Z,INTERVIEWER,true
74579721-4f4c-4ff2-8c00-fe44173440ef,c0fc7bfc-5ffa-4fce-b3d8-d7d3067c3935,2024-02-06 23:54:32.915 Z,INTERVIEWER,true
b62ce13b-40ae-4240-ae9a-d7c8e21b83bd,c0fc7bfc-5ffa-4fce-b3d8-d7d3067c3935,2024-02-06 23:54:32.915 Z,INTERVIEWER,true
8e486487-8b1f-4c98-822a-4162bc480632,c0fc7bfc-5ffa-4fce-b3d8-d7d3067c3935,2024-02-06 23:54:32.915 Z,INTERVIEWER,true
9b490dea-738d-4fc4-b50a-69bb9d9a935c,c0fc7bfc-5ffa-4fce-b3d8-d7d3067c3935,2024-02-06 23:54:32.915 Z,INTERVIEWER,true
d9178a51-1c1b-4771-ab51-0598d9e301ec,c0fc7bfc-5ffa-4fce-b3d8-d7d3067c3935,2024-02-06 23:54:32.915 Z,INTERVIEWER,true
c76d12e2-095d-4799-975d-4a711007765d,c0fc7bfc-5ffa-4fce-b3d8-d7d3067c3935,2024-02-06 23:54:32.915 Z,INTERVIEWER,true
aab85a7a-9f7b-4b5f-afbe-2ed34bf08dd6,c0fc7bfc-5ffa-4fce-b3d8-d7d3067c3935,2024-02-06 23:54:32.915 Z,INTERVIEWER,true
b54b376e-225d-4a41-af8a-b2b75b9fc1e9,c0fc7bfc-5ffa-4fce-b3d8-d7d3067c3935,2024-02-06 23:54:32.915 Z,INTERVIEWER,true
93b5213b-391b-4dfa-b252-561f2e7244c8,c0fc7bfc-5ffa-4fce-b3d8-d7d3067c3935,2024-02-06 23:54:32.915 Z,INTERVIEWER,true
16458279-6c95-4572-b99f-57c2186ce7fc,c0fc7bfc-5ffa-4fce-b3d8-d7d3067c3935,2024-02-06 23:54:32.915 Z,INTERVIEWER,true
b4e9e970-b5b4-4ac2-92d1-9d51d9efed06,c0fc7bfc-5ffa-4fce-b3d8-d7d3067c3935,2024-02-06 23:54:32.915 Z,INTERVIEWER,true
f69eb009-8c12-4119-a441-3c41b8412b82,c0fc7bfc-5ffa-4fce-b3d8-d7d3067c3935,2024-02-06 23:54:32.915 Z,INTERVIEWER,true
bc257aac-3831-4ddb-8257-895b7d34da8e,c0fc7bfc-5ffa-4fce-b3d8-d7d3067c3935,2024-02-06 23:54:32.915 Z,INTERVIEWER,true
4431b9ab-636a-4361-b481-238a821b1aa6,c0fc7bfc-5ffa-4fce-b3d8-d7d3067c3935,2024-02-06 23:54:32.915 Z,INTERVIEWER,true
2949e73d-5550-484b-ad59-48b83ea9ffa2,c0fc7bfc-5ffa-4fce-b3d8-d7d3067c3935,2024-02-06 23:54:32.915 Z,INTERVIEWER,true
31baeae7-c724-4dac-8570-240577b9651a,c0fc7bfc-5ffa-4fce-b3d8-d7d3067c3935,2024-02-06 23:54:32.915 Z,INTERVIEWER,true
1c9aea70-1c1e-49be-b897-0f9583093ebe,c0fc7bfc-5ffa-4fce-b3d8-d7d3067c3935,2024-02-06 23:54:32.915 Z,INTERVIEWER,true
6adf9659-a510-4578-9e90-4a6d1a8c1bd0,c0fc7bfc-5ffa-4fce-b3d8-d7d3067c3935,2024-02-06 23:54:32.915 Z,INTERVIEWER,true
7c0053cb-ed83-42ee-86da-350d0a01b710,c0fc7bfc-5ffa-4fce-b3d8-d7d3067c3935,2024-02-06 23:54:32.915 Z,INTERVIEWER,true
c241144b-f24f-4798-8b7a-a2dcfe3a02c5,c0fc7bfc-5ffa-4fce-b3d8-d7d3067c3935,2024-02-06 23:54:32.915 Z,INTERVIEWER,true
b065aa46-c945-4442-b186-d94dae150e4a,c0fc7bfc-5ffa-4fce-b3d8-d7d3067c3935,2024-02-06 23:54:32.915 Z,INTERVIEWER,true
634aa78f-a5d4-403a-9ca1-8392828a8eb6,c0fc7bfc-5ffa-4fce-b3d8-d7d3067c3935,2024-02-06 23:54:32.915 Z,INTERVIEWER,true
9a6362b3-a0c6-460d-a582-2218071aaeeb,c0fc7bfc-5ffa-4fce-b3d8-d7d3067c3935,2024-02-06 23:54:32.915 Z,INTERVIEWER,true
5281185e-2576-4147-9eec-40c912eaf4a0,c0fc7bfc-5ffa-4fce-b3d8-d7d3067c3935,2024-02-06 23:54:32.915 Z,INTERVIEWER,true
a92b0f77-01a1-4677-b711-322d21e5ee39,c0fc7bfc-5ffa-4fce-b3d8-d7d3067c3935,2024-02-06 23:54:32.915 Z,INTERVIEWER,true
ebd1ec8f-d313-49ae-b558-82decb6136d0,c0fc7bfc-5ffa-4fce-b3d8-d7d3067c3935,2024-02-06 23:54:32.915 Z,INTERVIEWER,true
7e3042d2-8a35-4cbe-a42d-7fdf605d13ae,c0fc7bfc-5ffa-4fce-b3d8-d7d3067c3935,2024-02-06 23:54:32.915 Z,INTERVIEWER,true
7547a780-e5ed-4f6d-9848-620e5da14f73,c0fc7bfc-5ffa-4fce-b3d8-d7d3067c3935,2024-02-06 23:54:32.915 Z,INTERVIEWER,true
e1397672-e428-455f-bbd5-e80158827752,c0fc7bfc-5ffa-4fce-b3d8-d7d3067c3935,2024-02-06 23:54:32.915 Z,INTERVIEWER,true
492f6f1c-df0f-41b6-929f-631129744d5c,c0fc7bfc-5ffa-4fce-b3d8-d7d3067c3935,2024-02-06 23:54:32.915 Z,INTERVIEWER,true
eecc6b04-c353-4a7b-8b01-2b7260178485,c0fc7bfc-5ffa-4fce-b3d8-d7d3067c3935,2024-02-06 23:54:32.915 Z,INTERVIEWER,true
3020e805-8332-4682-ad2e-ab9754d7dc62,c0fc7bfc-5ffa-4fce-b3d8-d7d3067c3935,2024-02-06 23:54:32.915 Z,INTERVIEWER,true
819a2a4e-c2f9-4f80-acc7-c597cdf144bd,c0fc7bfc-5ffa-4fce-b3d8-d7d3067c3935,2024-02-06 23:54:32.915 Z,INTERVIEWER,true
c8de1345-144a-42b6-8c9a-82d7f4d169f3,c0fc7bfc-5ffa-4fce-b3d8-d7d3067c3935,2024-02-06 23:54:32.915 Z,INTERVIEWER,true
0304f11f-75f7-42b3-83a1-cff08689cda1,c0fc7bfc-5ffa-4fce-b3d8-d7d3067c3935,2024-02-06 23:54:32.915 Z,INTERVIEWER,true
7050c299-6ab0-4ae8-aff5-040ed1fee73e,c0fc7bfc-5ffa-4fce-b3d8-d7d3067c3935,2024-02-06 23:54:32.915 Z,INTERVIEWER,true
b01e977f-cc0c-41ba-804a-a309595e8835,c0fc7bfc-5ffa-4fce-b3d8-d7d3067c3935,2024-02-06 23:54:32.915 Z,INTERVIEWER,true
665b95aa-34fa-4fe2-ad4a-e041272bdec6,c0fc7bfc-5ffa-4fce-b3d8-d7d3067c3935,2024-02-06 23:54:32.915 Z,INTERVIEWER,true
e5c60b32-f865-4314-a8f6-ab4975ee4081,c0fc7bfc-5ffa-4fce-b3d8-d7d3067c3935,2024-02-06 23:54:32.915 Z,INTERVIEWER,true
706e5d09-cdcb-4cab-a17f-89be43d796a2,c0fc7bfc-5ffa-4fce-b3d8-d7d3067c3935,2024-02-06 23:54:32.915 Z,INTERVIEWER,true
9d100df3-97f6-4a7d-b04b-93d45e2552df,c0fc7bfc-5ffa-4fce-b3d8-d7d3067c3935,2024-02-06 23:54:32.915 Z,INTERVIEWER,true
9564fd37-dce4-4897-883d-8f2893600eb8,c0fc7bfc-5ffa-4fce-b3d8-d7d3067c3935,2024-02-06 23:54:32.915 Z,INTERVIEWER,true
31a9e9b9-a5b3-4bf1-94cc-f7fc9b8dda6b,c0fc7bfc-5ffa-4fce-b3d8-d7d3067c3935,2024-02-06 23:54:32.915 Z,INTERVIEWER,true
4ed344a2-fab5-4630-8323-36a3ef95a58a,c0fc7bfc-5ffa-4fce-b3d8-d7d3067c3935,2024-02-06 23:54:32.915 Z,INTERVIEWER,true
178c342b-f5eb-4a90-b7c6-1fa8445e21e0,c0fc7bfc-5ffa-4fce-b3d8-d7d3067c3935,2024-02-06 23:54:32.915 Z,INTERVIEWER,true
2b680c95-45e3-4df4-b0b9-4c2c3cfd4d45,c0fc7bfc-5ffa-4fce-b3d8-d7d3067c3935,2024-02-06 23:54:32.915 Z,INTERVIEWER,true
4f18cf83-006b-43a7-a7c0-67edb0f65745,c0fc7bfc-5ffa-4fce-b3d8-d7d3067c3935,2024-02-06 23:54:32.915 Z,INTERVIEWER,true
76164484-f2a5-447b-b2c2-5f13c48baf7c,c0fc7bfc-5ffa-4fce-b3d8-d7d3067c3935,2024-02-06 23:54:32.915 Z,INTERVIEWER,true
e1b15e75-b84b-4997-a21e-8e595d635978,c0fc7bfc-5ffa-4fce-b3d8-d7d3067c3935,2024-02-06 23:54:32.915 Z,INTERVIEWER,true
d1f9f682-3b2e-4d3e-bd9f-886cf7f5f677,c0fc7bfc-5ffa-4fce-b3d8-d7d3067c3935,2024-02-06 23:54:32.915 Z,INTERVIEWER,true
3ce202f1-ad38-4933-ba76-631a061d10ff,c0fc7bfc-5ffa-4fce-b3d8-d7d3067c3935,2024-02-06 23:54:32.915 Z,INTERVIEWER,true
1011f776-25e7-45e9-98e6-7097af92f810,c0fc7bfc-5ffa-4fce-b3d8-d7d3067c3935,2024-02-06 23:54:32.915 Z,INTERVIEWER,true
a69df579-c6e2-4f87-8bbd-916d89c6e100,c0fc7bfc-5ffa-4fce-b3d8-d7d3067c3935,2024-02-06 23:54:32.915 Z,INTERVIEWER,true
4f0f7e77-26d3-429f-b853-2b2881c9cfc7,c0fc7bfc-5ffa-4fce-b3d8-d7d3067c3935,2024-02-06 23:54:32.915 Z,INTERVIEWER,true
2c3dfc3a-74aa-469b-81af-c9dfe5d50c9e,c0fc7bfc-5ffa-4fce-b3d8-d7d3067c3935,2024-02-06 23:54:32.915 Z,INTERVIEWER,true
645575ef-d371-48f9-aac6-facef141e84b,c0fc7bfc-5ffa-4fce-b3d8-d7d3067c3935,2024-02-06 23:54:32.915 Z,INTERVIEWER,true
8769430a-d57b-4f15-917a-2e010c604e08,c0fc7bfc-5ffa-4fce-b3d8-d7d3067c3935,2024-02-06 23:54:32.915 Z,INTERVIEWER,true
a36164a3-43dc-42ea-a8b3-5cb395b6dbec,c0fc7bfc-5ffa-4fce-b3d8-d7d3067c3935,2024-02-06 23:54:32.915 Z,INTERVIEWER,true
5aaa9a4d-f4fd-4d92-914b-5a1824e8481d,c0fc7bfc-5ffa-4fce-b3d8-d7d3067c3935,2024-02-06 23:54:32.915 Z,INTERVIEWER,true
c95a875d-dbdc-46fa-b1ad-9fa6122e9638,c0fc7bfc-5ffa-4fce-b3d8-d7d3067c3935,2024-02-06 23:54:32.915 Z,INTERVIEWER,true
37902e38-ac13-4b20-940d-e107223e9362,c0fc7bfc-5ffa-4fce-b3d8-d7d3067c3935,2024-02-06 23:54:32.915 Z,INTERVIEWER,true
84d6127e-fa25-43a2-a241-e9914f324512,c0fc7bfc-5ffa-4fce-b3d8-d7d3067c3935,2024-02-06 23:54:32.915 Z,INTERVIEWER,true
f2b2b574-60c5-4b7c-9dca-7be88eff0e26,c0fc7bfc-5ffa-4fce-b3d8-d7d3067c3935,2024-02-06 23:54:32.915 Z,INTERVIEWER,true
9fad879c-d0e3-47e1-a265-0345ea49379f,c0fc7bfc-5ffa-4fce-b3d8-d7d3067c3935,2024-02-06 23:54:32.915 Z,INTERVIEWER,true
24463617-2333-44e1-b196-8d3c0366d92d,c0fc7bfc-5ffa-4fce-b3d8-d7d3067c3935,2024-02-06 23:54:32.915 Z,INTERVIEWER,true
1642ea5b-af49-4766-9b4f-eff436086e0d,c0fc7bfc-5ffa-4fce-b3d8-d7d3067c3935,2024-02-06 23:54:32.915 Z,INTERVIEWER,true
bc2af782-fd27-49af-8ef3-05da73616f7e,c0fc7bfc-5ffa-4fce-b3d8-d7d3067c3935,2024-02-06 23:54:32.915 Z,INTERVIEWER,true
35491b90-811c-4640-8db9-1e5ee6823b2e,c0fc7bfc-5ffa-4fce-b3d8-d7d3067c3935,2024-02-06 23:54:32.915 Z,INTERVIEWER,true
fa8f30ae-03b0-4bfe-b1f9-828cbf3ee066,c0fc7bfc-5ffa-4fce-b3d8-d7d3067c3935,2024-02-06 23:54:32.915 Z,INTERVIEWER,true
bb4de5e3-c9a4-44c1-b261-395d10ad7e92,c0fc7bfc-5ffa-4fce-b3d8-d7d3067c3935,2024-02-06 23:54:32.915 Z,INTERVIEWER,true
90ebd77f-8764-422f-b6ed-3c5a6710f7d0,c0fc7bfc-5ffa-4fce-b3d8-d7d3067c3935,2024-02-06 23:54:32.915 Z,INTERVIEWER,true
b9c1e083-7e20-4e31-8d2b-90c7b481d7ce,c0fc7bfc-5ffa-4fce-b3d8-d7d3067c3935,2024-02-06 23:54:32.915 Z,INTERVIEWER,true
86b28ac3-19ba-4712-bb28-b556cffb994a,c0fc7bfc-5ffa-4fce-b3d8-d7d3067c3935,2024-02-06 23:54:32.915 Z,INTERVIEWER,true
c1d7f6b9-83af-44c0-83a3-dbe3402769ed,c0fc7bfc-5ffa-4fce-b3d8-d7d3067c3935,2024-02-06 23:54:32.915 Z,INTERVIEWER,true
d09496ba-5bec-4d13-b468-27dcc45d5c27,c0fc7bfc-5ffa-4fce-b3d8-d7d3067c3935,2024-02-06 23:54:32.915 Z,INTERVIEWER,true
e9d05cd5-298b-4c60-a6da-0832a877bedb,c0fc7bfc-5ffa-4fce-b3d8-d7d3067c3935,2024-02-06 23:54:32.915 Z,INTERVIEWER,true
a654302b-fdd3-4669-8bf9-6e30866ffc2a,c0fc7bfc-5ffa-4fce-b3d8-d7d3067c3935,2024-02-06 23:54:32.915 Z,INTERVIEWER,true
89240078-ec04-454d-98b7-90b901968c75,c0fc7bfc-5ffa-4fce-b3d8-d7d3067c3935,2024-02-06 23:54:32.915 Z,INTERVIEWER,true
d84294f3-16a7-4d84-b136-b81a6a7d981a,c0fc7bfc-5ffa-4fce-b3d8-d7d3067c3935,2024-02-06 23:54:32.915 Z,INTERVIEWER,true
17153bfc-45a5-49fc-9707-23ddca799f41,c0fc7bfc-5ffa-4fce-b3d8-d7d3067c3935,2024-02-06 23:54:32.915 Z,INTERVIEWER,true
ca2752b4-8941-4190-a308-93822f5b9291,c0fc7bfc-5ffa-4fce-b3d8-d7d3067c3935,2024-02-06 23:54:32.915 Z,INTERVIEWER,true
f741bf0f-cf28-4f58-a616-cdc705e97f14,c0fc7bfc-5ffa-4fce-b3d8-d7d3067c3935,2024-02-06 23:54:32.915 Z,INTERVIEWER,true
c873bc5c-56b4-4a78-a50b-43a58304e760,c0fc7bfc-5ffa-4fce-b3d8-d7d3067c3935,2024-02-06 23:54:32.915 Z,INTERVIEWER,true
2dcb29eb-ba2b-4143-a940-c05ea3479b3f,c0fc7bfc-5ffa-4fce-b3d8-d7d3067c3935,2024-02-06 23:54:32.915 Z,INTERVIEWER,true
473df899-3743-40f4-9e6c-792f8dfceac0,c0fc7bfc-5ffa-4fce-b3d8-d7d3067c3935,2024-02-06 23:54:32.915 Z,INTERVIEWER,true
2484c6ce-d702-45c3-b3fd-2c1406f346b3,c0fc7bfc-5ffa-4fce-b3d8-d7d3067c3935,2024-02-06 23:54:32.915 Z,INTERVIEWER,true
9250dcda-54d4-442c-9476-b1a038cf06c0,c0fc7bfc-5ffa-4fce-b3d8-d7d3067c3935,2024-02-06 23:54:32.915 Z,INTERVIEWER,true
cb72714b-ffb4-4f48-b5bc-720181375921,c0fc7bfc-5ffa-4fce-b3d8-d7d3067c3935,2024-02-06 23:54:32.915 Z,INTERVIEWER,true
8c4ef753-8f10-495a-a63e-69ddbde77a32,c0fc7bfc-5ffa-4fce-b3d8-d7d3067c3935,2024-02-06 23:54:32.915 Z,INTERVIEWER,true
d8f89517-6c3c-4dc4-b7a2-6b9034e4515f,c0fc7bfc-5ffa-4fce-b3d8-d7d3067c3935,2024-02-06 23:54:32.915 Z,INTERVIEWER,true
506898ed-2835-431d-9dfc-6f0be6befe8d,c0fc7bfc-5ffa-4fce-b3d8-d7d3067c3935,2024-02-06 23:54:32.915 Z,INTERVIEWER,true
e76be534-41ad-4b36-aa3c-1a07edb0a229,c0fc7bfc-5ffa-4fce-b3d8-d7d3067c3935,2024-02-06 23:54:32.915 Z,INTERVIEWER,true
58abe522-12fb-468e-adec-325df806fd99,c0fc7bfc-5ffa-4fce-b3d8-d7d3067c3935,2024-02-06 23:54:32.915 Z,INTERVIEWER,true
5cb615e0-02b1-4fa4-a966-7997e6f9133f,c0fc7bfc-5ffa-4fce-b3d8-d7d3067c3935,2024-02-06 23:54:32.915 Z,INTERVIEWER,true
d11ba12f-ef59-4250-a9d4-1922dafb0a8f,c0fc7bfc-5ffa-4fce-b3d8-d7d3067c3935,2024-02-06 23:54:32.915 Z,INTERVIEWER,true
184759b1-aba7-4c3a-8809-78d46dd2fd39,c0fc7bfc-5ffa-4fce-b3d8-d7d3067c3935,2024-02-06 23:54:32.915 Z,INTERVIEWER,true
534472ab-ee6f-4aa6-8ed3-fb4f60506743,c0fc7bfc-5ffa-4fce-b3d8-d7d3067c3935,2024-02-06 23:54:32.915 Z,INTERVIEWER,true
1987bb88-9802-4dd2-ad5c-8d3e2270018f,c0fc7bfc-5ffa-4fce-b3d8-d7d3067c3935,2024-02-06 23:54:32.915 Z,INTERVIEWER,true
8495a6fb-1f26-4265-a2cb-696f6bfea2b9,c0fc7bfc-5ffa-4fce-b3d8-d7d3067c3935,2024-02-06 23:54:32.915 Z,INTERVIEWER,true
20ef43be-e730-4b60-8241-aae622b03d79,c0fc7bfc-5ffa-4fce-b3d8-d7d3067c3935,2024-02-06 23:54:32.915 Z,INTERVIEWER,true
d4a2bb4d-5d23-4f8b-8480-785db541ec87,c0fc7bfc-5ffa-4fce-b3d8-d7d3067c3935,2024-02-06 23:54:32.915 Z,INTERVIEWER,true
3d772e55-268a-437f-97f6-23ec886b07c4,c0fc7bfc-5ffa-4fce-b3d8-d7d3067c3935,2024-02-06 23:54:32.915 Z,INTERVIEWER,true
5fabeec5-617f-4f69-835b-66d75b386ef7,c0fc7bfc-5ffa-4fce-b3d8-d7d3067c3935,2024-02-06 23:54:32.915 Z,INTERVIEWER,true
9e3cc863-f809-4554-88f0-8e512257208e,79a81a50-3045-47b6-84ae-8cd2d981845e,2023-05-26 15:41:42.645 Z,INTERVIEWER,false
